-- phpMyAdmin SQL Dump
-- version 4.8.4
-- https://www.phpmyadmin.net/
--
-- Máy chủ: 127.0.0.1
-- Thời gian đã tạo: Th10 31, 2019 lúc 06:08 AM
-- Phiên bản máy phục vụ: 10.1.37-MariaDB
-- Phiên bản PHP: 7.3.0

SET SQL_MODE = "NO_AUTO_VALUE_ON_ZERO";
SET AUTOCOMMIT = 0;
START TRANSACTION;
SET time_zone = "+00:00";


/*!40101 SET @OLD_CHARACTER_SET_CLIENT=@@CHARACTER_SET_CLIENT */;
/*!40101 SET @OLD_CHARACTER_SET_RESULTS=@@CHARACTER_SET_RESULTS */;
/*!40101 SET @OLD_COLLATION_CONNECTION=@@COLLATION_CONNECTION */;
/*!40101 SET NAMES utf8mb4 */;

--
-- Cơ sở dữ liệu: `be1_18211tt1631`
--
CREATE DATABASE IF NOT EXISTS `be1_18211tt1631` DEFAULT CHARACTER SET utf8mb4 COLLATE utf8mb4_unicode_ci;
USE `be1_18211tt1631`;

-- --------------------------------------------------------

--
-- Cấu trúc bảng cho bảng `authors`
--

CREATE TABLE `authors` (
  `author_id` int(11) NOT NULL,
  `author_name` varchar(50) COLLATE utf8mb4_unicode_ci NOT NULL
) ENGINE=InnoDB DEFAULT CHARSET=utf8mb4 COLLATE=utf8mb4_unicode_ci;

--
-- Đang đổ dữ liệu cho bảng `authors`
--

INSERT INTO `authors` (`author_id`, `author_name`) VALUES
(1, 'TRẦN PHƯƠNG'),
(2, 'THANH HÀ'),
(3, 'TUẤN VŨ'),
(4, 'HOÀNG HÀ'),
(5, 'LƯU NHI'),
(6, 'HUY CUNG'),
(7, 'SƠN TÙNG'),
(8, 'TIẾN ĐẠT'),
(9, 'DUY THỊNH'),
(10, 'QUANG MINH'),
(11, 'HUY HOÀNG'),
(12, 'THU MINH'),
(13, 'TÙNG SƠN'),
(14, 'TÀI SMILE'),
(15, 'ĐỘ MIXI'),
(16, 'BA GÀ'),
(17, 'QUANG NGỌC TRINH'),
(18, 'THAI LINH HUONG'),
(19, 'DJ CHIP'),
(20, 'RAMBO'),
(21, 'ANH QUÂN'),
(22, 'ĐÌNH LONG'),
(23, 'ORINN'),
(24, 'DA LAB'),
(25, 'HƯƠNG LY'),
(26, 'ĐÌNH QUANG'),
(27, 'GIA HÙNG'),
(28, 'THANH HƯNG'),
(29, 'NHẬT PHONG'),
(30, 'ĐẠT G');

-- --------------------------------------------------------

--
-- Cấu trúc bảng cho bảng `categories`
--

CREATE TABLE `categories` (
  `category_id` int(11) NOT NULL,
  `category_name` varchar(30) COLLATE utf8mb4_unicode_ci NOT NULL
) ENGINE=InnoDB DEFAULT CHARSET=utf8mb4 COLLATE=utf8mb4_unicode_ci;

--
-- Đang đổ dữ liệu cho bảng `categories`
--

INSERT INTO `categories` (`category_id`, `category_name`) VALUES
(1, 'Thế Giới'),
(2, 'Công Nghệ'),
(3, 'Khoa Học'),
(4, 'Kinh Doanh'),
(5, 'Giáo Dục'),
(6, 'Thể Thao');

-- --------------------------------------------------------

--
-- Cấu trúc bảng cho bảng `comments`
--

CREATE TABLE `comments` (
  `comment_id` int(11) NOT NULL,
  `comment_content` text COLLATE utf8mb4_unicode_ci NOT NULL,
  `comment_date` datetime NOT NULL,
  `comment_user_id` int(11) NOT NULL,
  `comment_newspaper_id` int(11) NOT NULL
) ENGINE=InnoDB DEFAULT CHARSET=utf8mb4 COLLATE=utf8mb4_unicode_ci;

--
-- Đang đổ dữ liệu cho bảng `comments`
--

INSERT INTO `comments` (`comment_id`, `comment_content`, `comment_date`, `comment_user_id`, `comment_newspaper_id`) VALUES
(1, 'WOW', '2019-10-28 15:07:00', 3, 58),
(4, 'hello', '2019-10-28 15:07:00', 2, 2),
(13, 'đẹp trai quá', '2019-10-29 19:55:57', 2, 58);

-- --------------------------------------------------------

--
-- Cấu trúc bảng cho bảng `newspapers`
--

CREATE TABLE `newspapers` (
  `newspaper_id` int(10) NOT NULL,
  `newspaper_title` varchar(255) COLLATE utf8mb4_unicode_ci NOT NULL,
  `newspaper_imgae` varchar(255) COLLATE utf8mb4_unicode_ci NOT NULL,
  `newspaper_author_id` int(11) NOT NULL,
  `newspaper_date` datetime NOT NULL,
  `newspaper_content` text COLLATE utf8mb4_unicode_ci NOT NULL,
  `newspaper_view` int(12) NOT NULL,
  `newspaper_category_id` int(11) NOT NULL
) ENGINE=InnoDB DEFAULT CHARSET=utf8mb4 COLLATE=utf8mb4_unicode_ci;

--
-- Đang đổ dữ liệu cho bảng `newspapers`
--

INSERT INTO `newspapers` (`newspaper_id`, `newspaper_title`, `newspaper_imgae`, `newspaper_author_id`, `newspaper_date`, `newspaper_content`, `newspaper_view`, `newspaper_category_id`) VALUES
(1, '<h1>Mỹ điều thêm quân đến Saudi Arabia</h1>', 'https://i.imgur.com/RYTT20u.jpg', 1, '2018-09-01 01:00:00', '<p><span>Hãng tin Reuters ngày 26-9 dẫn tuyên bố của Lầu Năm Góc cho biết khoảng 200 binh sĩ, một khẩu đội tên lửa đất đối không và một số radar tối tân của Mỹ sẽ được triển khai thêm.</span><br></p><p>Việc triển khai những bước đi này là \"một minh chứng cho cam kết của Mỹ đối với các đối tác khu vực, và an ninh cũng sự ổn định tại Trung Đông\" - người phát ngôn của Lầu Năm Góc Jonathan Hoffman nói.</p><p>Đợt triển khai này không mạnh mẽ như lời cảnh báo của các quan chức Mỹ. Trước đó, có tin cho rằng Washington có thể đưa đội tàu sân bay USS Abraham Lincoln đến trấn giữ vùng Vịnh. Tuy nhiên, quân đội Mỹ cho biết có thể nhanh chóng điều thêm binh sĩ và khí tài nếu xảy ra khủng hoảng.</p><p>Khoảng 500 binh sĩ Mỹ đang đồn trú tại Saudi Arabia, một phần trong tổng số 2.000 binh sĩ tinh nhuệ đã được điều tới khu vực sau các cuộc tấn công nhằm vào các tàu chở dầu tại vịnh Oman và sự cố một máy bay không người lái của Mỹ bị bắn hạ bởi một tên lửa đất đối không của Iran tại eo biển Hormuz.</p><p>Ngoài ra, Mỹ cũng đưa đến khu vực một khẩu đội tên lửa Patriot, hệ thống tên lửa đất đối không từ thời Chiến tranh lạnh hiện vẫn được quân đội Saudi Arabia sử dụng, 4 radar Sentinel có khả năng theo dõi máy bay không người lái và tên lửa hành trình.</p><p>Vụ tấn công các cơ sở lọc dầu ở Saudi Arabia hôm 14-9 vừa qua đã làm rung chuyển Trung Đông và làm dấy lên nhiều quan ngại về nguy cơ chiến tranh ở khu vực rộng lớn hơn. Iran vẫn phủ nhận liên quan đến vụ việc.&nbsp;</p><p>Ít nhất cho tới thời điểm hiện nay, Tổng thống Trump đã thể hiện sự kiềm chế trong cuộc khủng hoảng này và không tiến hành trả đũa quân sự bất chấp sức ép từ các đồng minh theo quan điểm diều hâu.</p><p>Tuy nhiên, ông Trump cam kết tiếp tục bóp nghẹt nền kinh tế Iran bằng các lệnh trừng phạt cho đến khi Tehran chấp nhận từ bỏ cái mà Washington cho là sự theo đuổi vũ khí hạt nhân. Trong khi đó, Iran khẳng định chương trình hạt nhân của họ chỉ nhằm mục đích hòa bình.</p>', 24, 1),
(2, '<h1>Thượng đỉnh mịt mờ, Triều Tiên chỉ trích Mỹ không nỗ lực</h1>', 'https://i.imgur.com/BGJd7Q6.jpg', 2, '2018-09-02 02:23:00', '<p><span>\"Mỹ đã không làm gì để thực hiện tuyên bố chung\" kể từ cuộc thượng đỉnh đầu tiên tại Singapore năm ngoái, Hãng thông tấn KCNA của Triều Tiên ngày 27-9 dẫn lời cố vấn Bộ Ngoại giao Triều Tiên Kim Kye Gwan nói.&nbsp;</span></p><p><span style=\"\">Ông Kim cũng chỉ trích các cuộc diễn tập quân sự giữa Mỹ và Hàn Quốc cũng như việc tăng sức ép và trừng phạt lên Bình Nhưỡng.</span><br></p><p>\"Điều đó khiến tôi hoài nghi về khả năng đột phá trong quan hệ Mỹ - Triều, dù một cuộc thượng đỉnh song phương khác có thể diễn ra\" - ông Kim nói.</p><p>Tuyên bố đưa ra giữa lúc các nỗ lực nhằm khôi phục đối thoại Mỹ - Triều làm tăng khả năng tổ chức cuộc thượng đỉnh thứ ba giữa Tổng thống Mỹ Donald Trump và Chủ tịch Triều Tiên Kim Jong Un.&nbsp;</p><p>Các cuộc đàm phán hạt nhân đã bị đình trệ kể từ cuộc thượng đỉnh lần hai giữa lãnh đạo hai nước tại Hà Nội vào tháng 2-2019 không đạt kết quả mong muốn.</p><p>Bình Nhưỡng trước đó đã đánh tiếng sẵn sàng trở lại đàm phán vào cuối tháng này.</p><p>Dù vậy, Ngoại trưởng Mỹ Mike Pompeo cho biết hai nước vẫn chưa xác định được thời điểm dù Washington sẵn sàng nối lại đàm phán.</p><p>\"Chúng tôi không thể làm được điều đó. Và chúng tôi vẫn chưa định ngày để có thể gặp nhau\" - Hãng tin Yonhap dẫn lời ông Pompeo nói vào ngày 26-9.</p><p>Tổng thống Mỹ hồi đầu tuần cũng nói rằng ông muốn nắm rõ kết quả cuộc thượng đỉnh thứ ba trước khi đồng ý.</p><p>Tuy nhiên, trong tuyên bố ngày 27-9, cố vấn Kim kỳ vọng ông Trump sẽ khác người tiền nhiệm. \"Tôi muốn đặt hi vọng lên sự lựa chọn khôn ngoan và quyết định táo bạo của ông Trump\" - nhà ngoại giao Triều Tiên nhắn nhủ.</p>', 15, 1),
(3, '<h1>Liên Hiệp Quốc xác nhận Iran vi phạm thỏa thuận hạt nhân</h1>', 'https://i.imgur.com/9D2jVj8.jpg', 3, '2019-10-08 03:33:00', '<p>Trong báo cáo ngày 26-9, Cơ quan Năng lượng nguyên tử quốc tế (IAEA) tiết lộ Iran thông báo đang sửa hệ thống làm giàu uranium để thêm các cụm máy ly tâm bao gồm 164 máy IR-6.</p><p>Báo cáo của IAEA ghi rõ: \"Vào ngày 25-9-2019, xơ quan xác định rằng tất cả các tầng (máy ly tâm) được lắp đặt tại hệ thống ống dẫn 2 và 3 tại các cơ sở nghiên cứu... đang hoặc đã được lên kế hoạch để làm giàu uranium hơn nữa\".  </p><p>Bản báo cáo xác nhận Iran đã vi phạm Kế hoạch hành động toàn diện chung (JCPOA) được ký với các cường quốc năm 2015. Điều khoản JCPOA quy định Iran chỉ được sản xuất uranium làm giàu ở mức 3,67% với 5.000 máy ly tâm IR-1 thế hệ đầu tiên.  </p><p>Các hệ thống ống dẫn được IAEA đề cập trong báo cáo bao gồm khoảng 20 máy ly tâm. Theo đó, Iran vẫn tiếp tục quá trình lắp đặt hệ thống ống phục vụ 164 máy ly tâm IR-4 và 162 chiếc IR-2m như Tehran từng công bố.&nbsp;</p><p>Thỏa thuận JCPOA trước đây buộc Iran tháo bỏ 2 hệ thống này để đối lấy việc được cộng đồng quốc tế gỡ trừng phạt.  </p><p>Dù Iran khẳng định chỉ làm giàu uranium để phục vụ mục đích dân sự, Mỹ và IAEA tin rằng Tehran từng phát triển chương trình vũ khí hạt nhân nhưng sau đó dừng lại. Vì thế, thỏa thuận JCPOA nhằm mục đích kéo dài thời gian Iran cần để chế tạo bom.  </p><p>Tổng thống Mỹ Donald Trump đơn phương rút JCPOA từ năm ngoái và tái áp đặt các biện pháp trừng phạt với Iran.</p>', 45, 1),
(4, '<h1>CEO Huawei: \'Trên đường đua 5G, Mỹ hiện chưa có gì giống vậy\'</h1>', 'https://i.imgur.com/ysQAguP.jpg', 4, '2018-09-04 04:25:00', '<p>Mạng 5G là công nghệ mạng di động thế hệ mới, được tạo ra với mục đích tăng tốc độ truyền dữ liệu và đáp ứng nhu cầu sử dụng mạng ngày càng tăng. Tập đoàn công nghệ Trung Quốc Huawei được coi là một trong những tên tuổi hàng đầu trong ngành xây dựng cơ sở hạ tầng cho mạng 5G.  </p><p>Trò chuyện với <i>CNBC</i>, ông Nhậm khẳng định giấy phép độc quyền từ Huawei có thể giúp doanh nghiệp Mỹ đạt được tính kinh tế theo quy mô.  </p><p>Nhà sáng lập kiêm CEO này giải thích việc cấp phép phải dành cho một công ty Mỹ bởi vì các doanh nghiệp của châu Âu, Nhật hay Hàn Quốc vốn đã có các công nghệ liên quan cần thiết để phát triển 5G.  </p><p>\"Thế nhưng Mỹ hiện chưa có gì giống vậy cả. Tôi nghĩ chúng tôi có thể cấp giấy phép độc quyền cho một công ty Mỹ. Sau khi có giấy phép, họ có thể sử dụng công nghệ của chúng tôi để cạnh tranh với các thị trường khác trên khắp thế giới\", ông Nhậm nói.  </p><p>Theo ông, giấy phép cung cấp công nghệ 5G độc quyền của Huawei sẽ bao gồm mã nguồn, phần cứng, phần mềm, giấy tờ xác minh, dây chuyền và bí quyết sản xuất. Ông Nhậm thậm chí cho biết \"nếu họ cần, chúng tôi có thể cấp phép cả thiết kế bộ vi mạch\".  </p><p>Theo <i>CNBC</i>, Huawei có một danh mục lớn các bằng sáng chế quan trọng đối với công nghệ 5G. Nếu tập đoàn này thật sự cấp phép công nghệ của mình, điều đó sẽ tạo ra nguồn doanh thu mới cho công ty.  </p><p>Ông Nhậm nói bản thân tin rằng cuộc đua phát triển 5G nên bắt đầu từ một sân chơi bình đẳng. Bên cạnh việc \"muốn cho mọi người một xuất phát điểm bằng nhau\", ông nhấn mạnh thêm rằng rất tự tin Huawei có thể dẫn đầu trong cuộc đua này.  </p><p>Ngoài ra, ông cũng nhắc lại việc Huawei đang phát triển mạng 6G, thế hệ tiếp theo của 5G.  </p>', 10, 1),
(5, '<h1>Nhật \'quan ngại sâu sắc\' về các hoạt động của Trung Quốc ở Biển Đông</h1>', 'https://i.imgur.com/oENZkEF.jpg', 5, '2018-09-05 05:02:00', '<p>Theo phóng viên TTXVN tại Tokyo,&nbsp;tài liệu trên nhận định Trung Quốc đang tiếp tục gia tăng chi phí quốc phòng một cách không minh bạch nhằm xây dựng quân đội lớn mạnh hàng đầu thế giới vào giữa thế kỷ 21.</p><p>Trung Quốc đang tích cực tăng cường sức mạnh quân sự cả về số lượng lẫn chất lượng, trong đó tập trung tăng cường năng lực tác chiến hạt nhân, tên lửa và tác chiến trên không, trên biển</p><p>Việc tăng cường này sẽ dẫn tới việc nâng cao năng lực chống tiếp cận/ngăn cản khu vực (A2/AD) và năng lực tác chiến viễn dương của quân đội Trung Quốc.</p><p>Đáng chú ý, Nhật Bản nhận định các hoạt động đơn phương thay đổi hiện trạng trên Biển Đông do Trung Quốc tiến hành là \"đáng quan ngại sâu sắc\".</p><p>	Trong phần mở đầu, Sách trắng nhận định tính chất không chắc chắn về trật tự thế giới hiện nay ngày càng tăng, trong khi đó sự cạnh tranh giữa các quốc gia về chính trị, kinh tế và quân sự ngày càng hiện rõ.</p><p>Sách trắng cũng bày tỏ quan ngại về những thách thức an ninh mà một quốc gia đơn lẻ không thể tự mình giải quyết được ngày càng tăng, như vấn đề bảo đảm an ninh trên biển, vũ khí hủy diệt hàng loạt, bảo đảm an toàn không gian mạng và vũ trụ cũng như các cuộc xung đột khu vực và khủng bố quốc tế.</p><p>Từ đó, Nhật Bản kêu gọi sự hợp tác quốc tế để cùng nhau giải quyết những vấn đề này.</p><p>	Sách trắng tiếp tục khẳng định quan hệ đồng minh Nhật - Mỹ là một trong ba trụ cột trong chính sách quốc phòng của mình, bên cạnh xây dựng cấu trúc phòng thủ của riêng Nhật Bản và tăng cường hợp tác an ninh đa phương.</p><p>Trên cơ sở các trụ cột này, Nhật Bản đang thúc đẩy hợp tác với Mỹ trong nhiều lĩnh vực như hợp tác đối phó trên không gian mạng và vũ trụ, hợp tác phòng thủ tên lửa, tập trận song phương, bảo đảm an ninh trên biển...</p><p>Trong thời gian tới, hai bên sẽ tiếp tục tiến hành các hoạt động song phương như hỗ trợ xây dựng năng lực, cứu hộ cứu nạn, tập trận ba bên và đa phương, hợp tác công nghệ quốc phòng... nhằm tăng cường sự hiện diện của Nhật Bản và Mỹ tại khu vực Ấn Độ Dương - Thái Bình Dương, cũng như duy trì trật tự trên biển tự do và rộng mở tại khu vực này.</p><p>	Một điểm đáng chú ý trong Sách trắng là căng thẳng quan hệ Nhật - Hàn dường như đã khiến Nhật Bản không đánh giá cao việc hợp tác quan hệ quốc phòng với Hàn Quốc như trước đây.</p><p>Trong phần đề cập tới quan hệ giữa Nhật Bản với các đối tác quốc tế, Hàn Quốc đứng thứ 4 sau Úc, Ấn Độ và ASEAN. Năm 2018, Hàn Quốc đứng ở thứ 2 trong danh sách này.</p><p>	Trong phần đề cập tới tình hình Triều Tiên, Sách trắng cho biết những năm gần đây, Triều Tiên đã thử nghiệm tên lửa đạn đạo với tần suất chưa từng có nhằm tăng cường khả năng hỏa lực và năng lực tấn công. Thông qua thử hạt nhân để thành thạo về mặt kỹ thuật, Triều Tiên đang thực hiện làm nhỏ đầu đạn hạt nhân để lắp đặt cho tên lửa đạn đạo.</p>', 24, 1),
(6, '<h1>Tỉ phú nông trại Resnick quyên góp 750 triệu USD nghiên cứu biến đổi khí hậu</h1>', 'https://i.imgur.com/KSEolw4.jpg', 6, '2018-09-06 06:25:00', '<p>Theo <i>Los Angeles Times</i>, chia sẻ vào ngày công bố khoản quyên góp 26-9, tỉ phú Stewart Resnick cho biết những đứa cháu cũng là nguồn cảm hứng giúp vợ chồng ông quyết định bỏ ra số tiền lớn đến vậy vì biến đổi khí hậu.</p><p>\"Các cháu luôn hỏi tôi rằng \'Ông có thể làm gì đó để giúp không? Ông đang làm gì về chuyện đó? Nhiều người lớn không quan tâm nhưng bọn trẻ rất quan tâm đến biến đổi khí hậu\" - ông trùm đế chế nông trại Resnick cho biết.</p><p>Đây là món quà cho CalTech - một trong những trường đại học hàng đầu thế giới về nghiên cứu khoa học và công nghệ - trong bối cảnh cả thế giới đang nóng lên vì biến đổi khí hậu.</p><p><span >Sinh viên trên khắp thế giới xuống đường diễu hành trong tuần qua, trùng với hội nghị biến đổi khí hậu của Liên Hiệp Quốc, để phản đối chính phủ các nước thiếu hành động trong việc hạn chế khí thải nhà kính.</span></p><p>Các bang như California đang cân nhắc các đề xuất loại bỏ các thùng nhựa dùng một lần để chứa thực phẩm và nước uống.</p><p>Resnick đã lèo lái một trong những \"đế chế\" nông trại lớn nhất nước Mỹ vượt qua các đợt hạn hán và thời tiết cực đoan liên quan đến sự ấm lên toàn cầu vốn đã gây cản trở không ít đối thủ của gia đình họ.</p><p>CalTech nói rằng món quà của gia đình Resnick sẽ trở nên hữu ích. Trường đại học này cho biết số tiền quyên góp sẽ được dùng để nghiên cứu khoa học về mặt trời, khoa học khí hậu, năng lượng, nhiên liệu sinh học, nhựa tự hủy, các nguồn tài nguyên nước và môi trường và kỹ thuật sinh thái...</p><p>CalTech cũng có kế hoạch xây dựng một \"viện nghiên cứu phát triển bền vững\" trị giá 100 triệu USD mang tên của gia đình Resnick. Đây là khoản quyên góp lớn nhất cho trường từ trước tới nay và cũng là khoản đóng góp lớn nhất cho một trường đại học nghiên cứu về môi trường tại Mỹ.</p><p>Ngoài ra, nguồn quỹ trên cũng giúp mở rộng các sáng kiến về môi trường và biến đổi khí hậu, đem lại lợi ích cho phòng thí nghiệm động cơ phản lực của NASA mà trường đang quản lý giúp.</p><p>Các sáng kiến sẽ tập trung vào phát triển năng lượng mặt trời, đo lường, mô hình hóa và giảm thiểu tác hại tiềm năng của biến đổi khí hậu và quản lý nguồn nước tốt hơn...</p><p>Chủ tịch CalTech Thomas Rosenbaum cho rằng phát triển bền vững là thách thức của thời đại và rằng món quà của vợ chồng Resnick sẽ giúp CalTech giải quyết các vấn đề về nước, năng lượng, thực phẩm và chất thải trong một thế giới đang đổi mặt với sự biến đổi khí hậu nhanh chóng.</p><p>Trước đây gia đình ông Resnick từng quyên góp 38 triệu USD để tăng cường việc làm bền vững tại một trung tâm nghiên cứu có trụ sở ở Pasadena. Những việc làm từ thiện của cặp vợ chồng này xoay quanh thung lũng San Joaquin, nơi họ đã xây dựng các trung tâm sức khỏe cộng đồng và 2 trường học cùng hàng trăm học bổng.</p><p>Tỉ phú Resnick chia sẻ họ thường giúp đỡ những người kém may mắn hơn mình, đặc biệt giúp những người sống ở những nơi \"đế chế\" của ông hái ra tiền.</p>', 19, 1),
(7, '<h1>Tiền của Trung Quốc đầu tư vào Philippines đa số nằm trên giấy</h1>', 'https://i.imgur.com/ZLU5MJ7.jpg', 7, '2018-09-07 07:25:00', '<p><span>Ông </span><span >Teodoro Locsin Jr. khẳng định như vậy trong </span><span>cuộc trao đổi với cựu thủ tướng Úc và hiện là chủ tịch Viện chính sách xã hội châu Á Kevin Rudd tại New York sáng 25-9 nhân dự họp Đại hội đồng Liên Hiệp Quốc. </span></p><p>Theo<span> <i>Phil Star, </i>Ngoại trưởng Philippines nói: </span><span>\"Chúng tôi có ký thỏa thuận này nọ nhưng chúng hầu như chưa được hiện thực hóa. Do chúng vẫn nằm trên giấy nên các thỏa thuận này chẳng là gì nếu so sánh với đầu tư của Nhật Bản và các khoản hỗ </span><span >trợ</span><span > chính thức\".</span></p><p>Cũng trong phát biểu của mình, Ngoại trưởng Philippines một lần nữa cho biết quan điểm của mình trong việc nêu vấn đề phán quyết của Tòa trọng tài về vấn đề Biển Đông trước Liên Hiệp Quốc.</p><p>Về vấn đề này, ông Locsin nói: \"Tôi đã thử rồi. Tôi thất bại ở diễn đàn khu vực của Liên Hiệp Quốc, nơi Trung Quốc có rất nhiều lá phiếu từ các nước châu Phi và Nam Á. Nhưng phán quyết của Tòa trọng tài hiện nay, dù sao đi nữa đã là một phần của luật pháp quốc tế và nằm ngoài khả năng thông qua của các chính phủ với mục đích giảm bớt tầm quan trọng, phủ nhận hoặc bỏ qua nó\".</p><p>Theo Ngoại trưởng Philippines, tuyên bố chủ quyền của Trung Quốc ở Biển Đông là \"điều vô ích nhất\" mà Trung Quốc từng làm. </p><p>\"Chiếm và cải tạo các bãi đá là điều vô ích nhất Trung Quốc từng làm. Trung Quốc khuấy động sự thù địch với các nước láng giềng mà không nhận được dù chỉ là một lợi thế chiến thuật nhỏ nhất trước các đối thủ chính của mình\". </p><p>Ông Locsin cũng nhấn mạnh mối quan hệ giữa Philippines và Mỹ được xây dựng trong nhiều năm qua trên nền tảng tin cậy và tin tưởng lẫn nhau mà ông ví von là \"vững như bàn thạch\".</p><p>\"Chúng tôi hi vọng đó không chỉ là những lời nói suông mà được thể hiện trong các cam kết vật chất cụ thể\".</p><p>Ngoại trưởng Philippines có mặt ở New York để tham dự phiên họp thứ 74 của Đại hội đồng Liên Hiệp Quốc. Ông sẽ có bài phát biểu vào ngày 28-9 trước các lãnh đạo thế giới.</p>', 10, 1),
(8, '<h1>Iran yêu cầu Saudi Arabia chấm dứt chiến tranh với Yemen</h1>', 'https://i.imgur.com/V85c9Nb.jpg', 8, '2018-09-08 08:23:00', '<p>Ông Rouhani khẳng định: \"An ninh của Saudi Arabia sẽ được đảm bảo bằng việc ngừng gây hấn với Yemen thay vì mời nước ngoài can thiệp\". </p><p>Giữa lúc phiên họp thứ 74 của Đại hội đồng LHQ đang diễn ra, Saudi Arabia vẫn đang dẫn đầu một chiến dịch không kích nhằm đánh bại phiến quân do Iran hậu thuẫn - lực lượng Houthi - vốn đang kiểm soát phần lớn Yemen. </p><p>Cuộc chiến này giữa đôi bên đã gây ra một cuộc khủng hoảng nhân đạo lớn, trong đó hàng ngàn thường dân đã chết và hàng triệu người đang sống trong nguy cơ thiếu đói.</p><p>Mới đây nhất, lực lượng Houthi tuyên bố đã gây ra vụ tấn công bằng thiết bị bay không người lái nhằm vào hai nhà máy lọc dầu của Saudi Arabia. </p><p>Tuy nhiên, Mỹ và các đồng minh cáo buộc Iran mới là là thủ phạm thực sự vì cho rằng phiến quân Houthi không có đủ \"trình\" để nhằm vào các cơ sở này.</p><p>Tương tự việc Mỹ tập hợp các đồng minh Ả Rập, ông Rouhani mời các nước trong khu vực tham gia \"Liên minh hi vọng\", trong đó ông kêu gọi các bên cam kết không gây hấn và không can thiệp vào các vấn đề của nhau.</p><p>\"An ninh của khu vực sẽ được đảm bảo khi Mỹ rút quân. Các bạn và chúng tôi, chúng ta không nên đứng một mình. Chúng ta là láng giềng với nhau, không phải láng giềng với Mỹ\", ông Rouhani nói.</p><p>Ngoại trưởng Iran Mohammad Javad Zarif hưởng ứng lời kêu gọi, cho rằng cần tổ chức một hội nghị thượng đỉnh giữa tất cả các nước thuộc eo biển Hormuz, vùng cửa ngõ chiến lược của vùng Vịnh. Theo đó, các nước sẽ tuyên bố khu vực không có vũ khí hủy diệt hàng loạt và hình thành một khu vực không xâm lấn/gây hấn lẫn nhau.</p><p>\"Lập trường của Cộng hòa Hồi giáo Iran là sẵn sàng và sẽ tham gia đầy đủ trong các cuộc đối thoại với các nước trong khu vực để thảo luận về tất cả các khía cạnh của sáng kiến này\", ông Zarif cho biết. </p><p>Tuy nhiên, theo Hãng tin AFP, viễn cảnh của một tương lai như đề nghị của Iran là khó xảy ra vì dường như có nhiều nước Ả Rập ở vùng Vịnh đang có quan hệ không êm thắm với Iran.</p>', 22, 1),
(9, '<h1>Việt Nam - Hoa Kỳ tham vấn quốc phòng</h1>', 'https://i.imgur.com/tGp2gSY.jpg', 9, '2018-09-09 09:23:00', '<p>Ngày 27-9, tại Hà Nội, thượng tướng Nguyễn Chí Vịnh - thứ trưởng Bộ Quốc phòng - đã tiếp ngài Daniel J. Kritenbrink - đại sứ Hoa Kỳ tại Việt Nam và đoàn Cục Kế hoạch chiến lược và hoạch định chính sách (Bộ Tư lệnh Ấn Độ Dương - Thái Bình Dương của Hoa Kỳ), nhân dịp đoàn sang dự Tham vấn quốc phòng Việt Nam - Hoa Kỳ.</p><p>Đại sứ Daniel J. Kritenbrink cho rằng hợp tác an ninh - quốc phòng là một điểm sáng trong quan hệ Hoa Kỳ - Việt Nam. Đại sứ Daniel J. Kritenbrink bày tỏ tin tưởng rằng trong thời gian tới mối quan hệ tốt đẹp giữa quân đội hai nước sẽ tiếp tục được củng cố, phát triển và đóng góp tích cực vào mối quan hệ hợp tác giữa hai nước.</p><p>Tại buổi tiếp, thiếu tướng Stephen Sklenka - cục trưởng Cục Kế hoạch chiến lược và hoạch định chính sách (Bộ Tư lệnh Ấn Độ Dương - Thái Bình Dương của Hoa Kỳ) - đã thông báo kết quả tốt đẹp của buổi làm việc giữa đoàn với Cục Đối ngoại, Bộ Quốc phòng Việt Nam.</p><p>Theo đó, hai cơ quan đều thống nhất cao trong việc xây dựng lộ trình, kế hoạch nhằm thúc đẩy thực hiện chương trình hợp tác quốc phòng giữa Bộ Quốc phòng hai nước đã được xác định trong năm 2019 và những năm tiếp theo.</p><p>Thượng tướng Nguyễn Chí Vịnh mong muốn hai bên tiếp tục xây dựng và đẩy mạnh các kế hoạch hợp tác trong tương lai, nhất là trong các lĩnh vực hàng hải, an ninh biển, khắc phục hậu quả chiến tranh, góp phần xây dựng khu vực Ấn Độ Dương - Thái Bình Dương ngày càng ổn định, hòa bình và phát triển.</p>', 30, 1),
(10, '<h1>Mỹ trừng phạt nhiều cá nhân, tổ chức của Trung Quốc vì cố tình mua dầu Iran</h1>', 'https://i.imgur.com/YRLtI5R.jpg', 10, '2018-09-10 10:23:32', '<p>Hãng tin Reuters dẫn thông báo trên trang web của Bộ Tài chính Mỹ ngày 25-9 cho biết đợt trừng phạt mới nhất nhắm vào các công ty Cosco Shipping Tanker Co, Cosco Shipping Tanker Seaman và Ship Management Co Ltd.</p><p>Mặc dù hai chi nhánh của công ty Cosco Shipping bị phạt nhưng lệnh trừng phạt của Mỹ không áp dụng với công ty mẹ này.</p><p>Các công ty Trung Quốc khác bị trừng phạt gồm: China Concord Petroleum Co, Kunlun Shipping Company Ltd, Kunlun Holding Company Ltd và Pegasus 88 Limited.</p><p>Phát biểu tại New York, Ngoại trưởng Mỹ Mike Pompeo nói các công ty Trung Quốc bị phạt vì đã cố tình đưa dầu ra khỏi Iran.</p><p>Ông Pompeo nói đợt trừng phạt mới là những hành động tiếp theo nhằm tăng sức ép với Tehran. Ngoại trưởng Mỹ cũng cảnh báo Washington sẽ đẩy mạnh nỗ lực nhằm chỉ rõ cho các nước thấy những nguy cơ khi làm ăn với Iran để tách họ khỏi nền kinh tế nước này.</p><p>Trong diễn biến liên quan, theo Hãng tin Reuters, một quan chức Iran cho biết khả năng có một cuộc gặp giữa Tổng thống Mỹ Donald Trump và Tổng thống Iran, ông Hassan Rouhani, bên lề hội nghị thượng đỉnh LHQ tại New York là \"zero\".</p><p>Vị quan chức cũng nói Washington nên gỡ bỏ các lệnh trừng phạt và quay trở lại với thỏa thuận hạt nhân đạt được năm 2015 nếu họ thực sự muốn đàm phán.</p><p>Phát biểu trước cuộc họp cấp bộ trưởng của các bên còn lại tham gia thỏa thuận hạt nhân, Ngoại trưởng Iran, ông Mohammad Javad Zarif, chia sẻ quan điểm với Reuters: \"Ngoại giao là cách duy nhất để giải quyết các vấn đề… Cuộc họp này cho chúng tôi cơ hội để đánh giá lại việc chúng tôi đang ở đâu\".</p>', 167, 1),
(11, '<h1>Facebook bắt đầu thử nghiệm ẩn tổng số ‘like’ tại Úc</h1>', 'https://i.imgur.com/CH9Ujxq.jpg', 11, '2018-09-11 11:23:00', '<p>Theo hãng tin AFP, Facebook thông báo triển khai việc này ngày hôm nay 27-9.</p><p>Theo đó, Facebook không chỉ ẩn số lượt like trên nội dung post của chủ tài khoản, người dùng cũng sẽ không xem được số lượt tương tác (reaction) và lượt xem video trên nội dung post của những người khác.</p><p>Tuy nhiên họ vẫn có thể xem tương tác của mọi người với nội dung của mình.</p><p>\"Chúng tôi không muốn Facebook có cảm giác như một cuộc thi\", Facebook giải thích trong thông cáo. \"Đây cũng là bài thử nghiệm để biết mọi người tham gia như thế nào với format mới. Chúng tôi hy vọng sẽ tìm hiểu được có nên triển khai rộng rãi hơn tính năng này không\".</p><p>Hơn 1 tỉ người trên thế giới đang sử dụng Facebook. Tuy nhiên mạng xã hội này đang phải đối mặt với những chỉ trích cho rằng mạng xã hội này đã gây ảnh hưởng tiêu cực với sức khỏe tâm thần của người dùng.</p><p>Tại Úc, theo thống kê của cơ quan hữu trách, khoảng 1/5 trẻ em cho biết đã bị bắt nạt trên mạng.</p><p>Đặc biệt, năm ngoái, một bé gái 14 tuổi (xuất hiện trong quảng cáo của một thương hiệu mũ nổi tiếng ở Úc) đã tự tử sau khi bị bắt nạt trên mạng.</p><p>Facebook đưa ra quyết định giấu số lượt like sau khi thử nghiệm cách làm này trong tháng 7 với mạng xã hội khác cũng rất phổ biến của họ là Instagram.</p><p>Thử nghiệm giấu tổng lượt like với Instagram đã được triển khai tại Canada, sau mở rộng tới Úc, Brazil và nhiều thị trường khác.</p><p>Thử nghiệm với Facebook được mô tả như \"một thử nghiệm giới hạn giúp chúng tôi có một số thông tin ban đầu\".</p><p>Facebook cũng nói: \"Mặc dù đã thử nghiệm trên Instagram, nhưng Facebook và Instagram là hai nền tảng hoàn toàn khác nhau, và chắc chắn chúng tôi sẽ nhìn thấy những dữ liệu khác từ lần thử nghiệm này\".</p>', 45, 2),
(12, '<h1>Hơn 50% trẻ em Việt dùng Internet để vào website phần mềm, nghe nhạc, xem phim</h1>', 'https://i.imgur.com/BonBChi.jpg', 12, '2018-09-12 12:53:00', '<p>Theo báo cáo mới Safe Kids 2019 về hành vi của trẻ em khu vực Đông Nam Á trên mạng Internet, trẻ em sử dụng Internet ngày càng nhiều để xem video và nghe nhạc cũng như tải phần mềm, đồng thời giảm dần việc nhắn tin trên mạng.</p><p>Thống kê cho thấy năm 2019 có sự tăng trưởng đến hai con số so với năm 2018 về tỉ lệ trẻ em nhiều nước trong khu vực Đông Nam Á sử dụng Internet để thực hiện các hành vi nêu trên.</p><p>Cụ thể, tại Việt Nam, tỉ lệ trẻ em sử dụng Internet để truy cập các website phần mềm, nghe nhạc, xem phim năm 2019 là 50,14%, trong khi năm 2018 chỉ có 27,11%. Tỉ lệ này tại Indonesia là 60,33% (năm 2018 là 38,72%), Philippines là 49,12% (2018 là 25,41%), Singapore là 42,32% (2018 là 25,03%), Thái Lan là 37,23% (2018 chỉ có 11,28%). Riêng Malaysia lại đi ngược lại so với các nước khác trong khu vực, tỉ lệ năm 2019 là 51,15%, trong khi năm 2018 lên đến 60,08%.</p><p>“Có một sự thật chúng ta phải thừa nhận là trẻ em thao tác trên internet giỏi hơn hẳn những người lớn chúng ta. Bằng trí tò mò và khả năng nắm bắt nhanh chóng hoặc thậm chí tự mình tạo nên những trào lưu trên mạng, chắc chắn bậc cha mẹ cần biết sở thích và thói quen của con mình.</p><p>Báo cáo của chúng tôi cho thấy những video, bài nhạc và phần mềm ngày càng trở thành hoạt động yêu thích của trẻ em, và chúng ta phải thật sự cẩn trọng với những website có chứa phần mềm độc hại, virus và nội dung nguy hiểm.&nbsp;</p><p>Chúng tôi mong muốn những nghiên cứu này giúp cho các ông bố bà mẹ hiểu con cái mình hơn và bảo vệ chúng khỏi những mối nguy hiểm đang rình rập trong thế giới kỹ thuật số,” ông Yeo Siang Tiong, tổng giám đốc Kaspersky khu vực Đông Nam Á, chia sẻ.</p>', 24, 2),
(13, '<h1>Microsoft phát hành bản vá khẩn cấp cho trình duyệt IE và phần mềm Defender</h1>', 'https://i.imgur.com/6uNrpLe.png', 13, '2018-09-13 13:23:00', '<p>Đây là bản cập nhật đặc biệt bởi Microsoft thường chỉ phát hành các bản vá bảo mật vào ngày thứ ba của tuần thứ 2 hàng tháng.</p><p>Trong hai lỗi nêu trên, lỗ hổng zero-day trên Internet Explorer là quan trọng nhất bởi nó đã bị khai thác trong các cuộc tấn công thực tế. Microsoft cho biết lỗ hổng có thể gây lỗi bộ nhớ cho phép kẻ tấn công thực thi mã tùy ý với tư cách như người dùng hiện tại.</p><p>\"Nếu người dùng đăng nhập bằng quyền quản trị, kẻ tấn công có thể kiểm soát hệ thống, sau đó có thể cài đặt chương trình, xem, thay đổi, xóa dữ liệu hoặc tạo tài khoản mới với toàn quyền người dùng\", Microsoft cho biết.</p><p>Trong khi đó, lỗ hổng từ chối dịch vụ (DoS) trong Microsoft Defender - trước đây gọi là Windows Defender, phần mềm chống virus được cài đặt sẵn trong các phiên bản từ Windows 8 trở về sau - cho phép kẻ tấn công vô hiệu hóa các thành phần Microsoft Defender, sau đó tìm cách để chạy mã độc mà không bị phát hiện.</p><p>Microsoft khuyến cáo người dùng Windows nên cài đặt các bản cập nhật nêu trên càng sớm càng tốt. Bản vá cho IE là bản cập nhật thủ công, trong khi lỗi Defender sẽ được tự động cập nhật.</p>', 65, 2),
(14, '<h1>Huawei loan tin tự làm trạm phát sóng 5G không cần linh kiện Mỹ</h1>', 'https://i.imgur.com/vd4ISI9.jpg', 14, '2018-09-14 14:23:00', '<p>Nhà sáng lập và CEO của Huawei, ông Nhậm Chính Phi cho biết sau hai tháng thử nghiệm, Huawei sẽ sản xuất trạm phát sóng 5G bắt đầu từ tháng 10 tới với mức dự kiến 5.000 trạm/ tháng. Tập đoàn này cũng kỳ vọng có thể sản xuất 1,5 triệu trạm vào năm sau.</p><p>Hãng tin Reuters dẫn lời người đứng đầu bộ phận chiến lược của Huawei Will Zhang cho biết qua những lần thử nghiệm, hiệu suất của các trạm viễn thông không sử dụng linh kiện Mỹ \"không tệ hơn\" và tập đoàn \"rất lạc quan\".&nbsp;</p><p>Tuy vậy, lãnh đạo tập đoàn này cho biết vẫn muốn sử dụng các linh kiện từ Mỹ nếu có thể vì Huawei có \"mối quan hệ tình cảm\" lâu năm với các nhà cung ứng của Mỹ.</p><p>Ông Nhậm Chính Phi nói thêm rằng Huawei sẵn sàng bán công nghệ 5G, bao gồm bằng sáng chế, mã nguồn, bản thiết kế và bí quyết sản xuất cho các doanh nghiệp phương Tây.</p><p>Ngày 26-9, ông Nhậm còn đi xa hơn khi nói rằng Huawei sẵn sàng cấp phép độc quyền công nghệ 5G cho một công ty Mỹ để giúp doanh nghiệp này nâng cao khả năng cạnh tranh. Ông Nhậm khẳng định không hề ngại động thái đó sẽ tạo ra đối thủ cạnh tranh mới.</p><p>Huawei, nhà sản xuất điện thoại thông minh số 2 thế giới, cho biết lệnh cấm của Mỹ có thể khiến doanh thu trong lĩnh vực điện thoại thông minh của họ xuống dưới 10 tỉ USD trong năm nay.</p>', 55, 2),
(15, '<h1>Amazon bị chỉ trích vì tiếp thị công nghệ nhận diện khuôn mặt cho cảnh sát</h1>', 'https://i.imgur.com/o1tBV5n.jpg', 15, '2018-09-15 15:23:00', '<p>Giám đốc điều hành Amazon.com Inc Jeff Bezos cho biết nhóm chính sách của công ty đang nghiên cứu các quy định liên quan đến công nghệ nhận diện khuôn mặt, vốn đang vấp phải sự chỉ trích từ công chúng.<span><br></span></p><p><span>\"Nhóm chính sách cộng đồng của chúng tôi đang làm việc về các quy định </span> nhận diện khuôn mặt<span>\" - ông Bezos nói với các phóng viên ngày 25-9.</span><br></p><p><span>\"Đó là một ví dụ hoàn hảo về một cái gì đó thật sự hữu dụng, do đó bạn sẽ không muốn giới hạn công dụng của nó. Song song với điều đó, </span>công nghệ<span> này cũng có tiềm năng bị lạm dụng nên bạn cũng muốn ràng buộc nó vào các quy định\" - ông Bezos lý giải thêm.</span><br></p><p>Giới chỉ trích đã chỉ ra rằng công nghệ nhận diện khuôn mặt<span>của Amazon và các công ty khác,   trong các nghiên cứu gần, đây khá chật vật trong việc xác định giới tính của những người có làn da sậm màu.</span></p><p>Theo <i>Reuters</i>, chính điều này làm nhiều người lo ngại sẽ có nhiều vụ bắt giữ bất công nếu các cơ quan hành pháp sử dụng công nghệ này để xác định nghi phạm.</p><p>Một phần Amazon bị chỉ trích nhiều hơn các đối thủ là vì công ty này đã tiếp thị công nghệ cho cảnh sát và lên tiếng bảo vệ việc làm này.</p><p>Amazon khẳng định tất cả những người dùng dịch vụ nhận diện khuôn mặt Rekognition của công ty đều phải tuân thủ các quy định của pháp luật.</p><p>Reuters cho biết công chúng Mỹ đang ngày càng quan tâm hơn đến các quy định vì đã trở nên bất mãn với việc các cơ quan chính phủ sử dụng công nghệ nhận diện khuôn mặt này.</p><p>Trong nhiều năm qua công nghệ nhận diện khuôn mặt đã là một công cụ  trong ngành hành pháp Mỹ và ngày càng trở thành công cụ mạnh mẽ hơn nhờ sự phát triển của công nghệ điện toán đám mây và trí tuệ nhân tạo.</p><p>Năm 2019 San Francisco và Oakland đã bỏ phiếu cấm người dân thành phố sử dụng công nghệ này.</p><p>Ban điều hành Microsoft, bao gồm chủ tịch kiêm giám đốc pháp lý Brad Smith, cũng kêu gọi lập quy định đối với việc sử dụng công nghệ này.</p>', 32, 2),
(16, '<h1>Đẩy nhanh ứng dụng trí tuệ nhân tạo để giải quyết ô nhiễm, kẹt xe, ngập nước</h1>', 'https://i.imgur.com/9RDkL9K.jpg', 16, '2018-09-16 16:23:00', '<p>Hội thảo do UBND TP.HCM cùng Ngân hàng Thế giới tại VN tổ chức ngày 25-9 ở TP.HCM. </p><p>Phát biểu khai mạc tại hội thảo, ông Nguyễn Thành Phong - chủ tịch UBND TP.HCM - cho biết những kết quả của hội thảo là cơ sở để xây dựng hệ sinh thái ứng dụng AI, thành lập trung tâm ứng dụng AI trong thời gian tới.</p><p><b>Dữ liệu - nguồn <span>tài nguyên hàng đầu</span></b></p><p>Phát biểu tại hội thảo, ông Ousmane Dione - giám đốc quốc gia Ngân hàng Thế giới tại VN - cho biết trong quá trình phát triển không ngừng của TP, người dân ngày càng cảm nhận rõ những dấu ấn đô thị thông minh trên nhiều lĩnh vực như giáo dục, y tế, giao thông...</p><p>Tuy nhiên, tốc độ tăng trưởng <span>kinh tế nhanh cũng khiến TP.HCM đang gặp nhiều thách thức về ô nhiễm môi trường, kẹt xe, ngập nước, đòi hỏi giải pháp thông minh - trong đó có AI - để giải quyết những vấn đề này.</span></p><p>Theo ông Ousmane Dione, dữ liệu số ngày nay đã vượt qua dầu mỏ để trở thành nguồn tài nguyên quý giá hàng đầu, vừa là cơ hội cho TP.HCM tận dụng nhưng cũng mang đến những thách thức. </p><p>Bởi vì nguồn dữ liệu khi muốn hữu dụng trong AI phải được tập hợp, tinh lọc và xử lý từ các thông tin thu nhận trong hoạt động hằng ngày. </p><p>Dữ liệu dùng chung đủ nhiều, đủ mạnh, chặt chẽ mới là nền tảng cho mọi hoạt động phát triển công nghệ thông tin và AI.</p><p>Tương tự, TS Alvina Goh - phó giám đốc bộ phận khoa học dữ liệu và AI (Govtech Singapore) - chia sẻ từ những năm 1990, các cơ quan công quyền Singapore đã bắt đầu ý thức tích lũy và xây dựng một kho dữ liệu cho từng đơn vị nhờ vào hệ thống máy tính. </p><p>Dữ liệu sau đó lần lượt được mã hóa và được chia sẻ giữa các phòng ban, cơ quan, dần hình thành các kho dữ liệu mở cho quốc gia. </p><p>Sự dồi dào dữ liệu có sẵn giúp bùng nổ các giải pháp thông minh, không chỉ xuất phát từ cơ quan nhà nước Singapore mà còn trong cả doanh nghiệp và người dân. </p><p>Khi đã có những chương trình dồi dào, Chính phủ Singapore bắt đầu lên chiến lược để định hướng và phát triển thêm về AI.</p><p><b>Sớm hình thành <span>trung tâm nghiên cứu AI</span></b></p><p>Phát biểu kết luận tại hội thảo, Bí thư Thành ủy TP.HCM Nguyễn Thiện Nhân cho biết hội thảo này khá chuyên sâu, có bí thư thành ủy, chủ tịch, phó chủ tịch UBND TP.HCM dự là để học các doanh nghiệp, cùng các nhà khoa học làm chính sách. </p><p>Cũng theo ông Nhân, hôm nay 26-9, TP.HCM sẽ có chương trình tập huấn cho toàn bộ cán bộ chủ chốt các sở ban ngành, quận huyện về AI để có sự chia sẻ, đồng thuận trong toàn TP. </p><p>VN đi chậm hơn các nước trong lĩnh vực AI nhưng không phải quá chậm, nên hoàn toàn có thể tham gia cùng đoàn tàu thế giới về AI. </p><p>TP.HCM với nguồn lực 300.000 doanh nghiệp, 10 triệu dân, 60 trường ĐH - CĐ với 600.000 sinh viên, kết nối với hàng triệu kiều bào vẫn có lộ trình làm được.</p><p>Sau hội thảo này, có thể ban chỉ đạo của TP về đô thị thông minh làm luôn chức năng ban chỉ đạo AI, nhưng phải có hội đồng tư vấn gồm các chuyên gia trong và ngoài nước. </p><p>Từ nay đến cuối năm phải xây dựng được chương trình ứng dụng, nghiên cứu và phát triển AI TP.HCM 2020-2030. </p><p>Trước khi trình lãnh đạo lần cuối phải có chương trình làm việc với các nhóm chuyên gia, xin ý kiến các bộ ngành trung ương, cần tận dụng nguồn lực chỉ đạo của trung ương. \"Tôi đề nghị sớm hình thành trung tâm nghiên cứu AI của TP.HCM. </p><p>Giai đoạn đầu, trung tâm này có thể đặt tại ĐH Quốc gia TP.HCM. Mặt khác cũng phải đặt hàng, lựa chọn các doanh nghiệp lớn để kiến nghị họ cùng làm\" - ông Nhân nói.</p><p>Hiến kế cho chiến lược phát triển AI của TP.HCM, PGS.TS Vũ Hải Quân, phó giám đốc ĐH Quốc gia TP.HCM, đề xuất nên phân thời gian 10 năm tới ra thành 3 giai đoạn phát triển cụ thể: từ năm 2020-2025, TP làm chủ công nghệ, trong đó tập trung vào big data (dữ liệu lớn), các hệ thống thông minh, lý thuyết máy học nền tảng; từ năm 2025-2030, TP phát triển AI theo hướng ứng dụng, áp dụng cho các lĩnh vực cụ thể như y tế, giao thông, an ninh; sau cùng, từ năm 2030 trở đi, TP sẽ có đầy đủ nhân lực, công nghệ, nền tảng AI để tự do sáng tạo theo hướng phát triển của đất nước.</p><p><b>Ông Dương Anh Đức (giám đốc <span>Sở Thông tin - truyền thông TP.HCM):</span></b></p><p><b>Không có dữ liệu <span>chẳng làm được gì</span></b></p><p>Điều cần nhất để hiện thực hóa cơ hội này là cơ chế (như tài chính, sử dụng con người, triển khai dự án...), nhưng đó cũng có thể là rào cản lớn nhất. Nếu không tháo gỡ được thì mọi chuyện sẽ tiến triển rất chậm và tụt mất cơ hội.</p><p>Trong chương trình phát triển đô thị thông minh của TP.HCM có 4 trụ cột, trong đó trụ cột đầu tiên là xây dựng cơ sở dữ liệu dùng chung và hệ sinh thái dữ liệu mở. Trong năm 2019, 80% công việc tập trung vào việc này. </p><p>Như ông Ousmane Dione - giám đốc Ngân hàng Thế giới tại VN - đã nói, thời này dữ liệu chính là tài nguyên. Nhưng phải là dữ liệu sạch, dùng được. </p><p>Đây là điều TP.HCM đang nỗ lực tập trung làm. Để làm được việc này phải có sự đồng lòng của tất cả sở ban ngành, quận huyện và doanh nghiệp. </p><p>Phải ý thức được rằng việc tạo ra dữ liệu, lưu trữ dữ liệu, khai thác dữ liệu là yếu tố sống còn. AI mà không có dữ liệu thì không thể làm được gì.</p><p>Ngoài ra, vai trò của các trường ĐH vô cùng quan trọng. Vì vậy, bản thân các trường phải ý thức được điều này để quan tâm xây dựng chương trình đào tạo chất lượng, chứ không phải hình thức và thực hiện nghiên cứu thực chất mới thay đổi được tình hình.</p><p><b>PGS.TS Thoại Nam (giám đốc Trung tâm kỹ thuật điện toán Trường ĐH Bách khoa - ĐH Quốc gia TP.HCM):</b></p><p><b>Nhà nước cần hỗ trợ doanh nghiệp</b></p><p>Với AI, hiện nay nước nào cũng nhìn thấy cơ hội. Mặc dù Mỹ, Trung Quốc và nhiều nước châu Âu đang đi trước, nhưng vẫn có thể tụt hậu nếu như họ không có chiến lược và đầu tư hợp lý.</p><p>Đây là một cuộc chơi mới, thách thức mới nên doanh nghiệp phải đóng vai trò quyết định. Nhà nước nên có vai trò hỗ trợ doanh nghiệp trong cuộc đua mới này. </p><p>Vậy làm sao để doanh nghiệp mạnh lên? Để có cơ hội trong cuộc chơi này cần phải có: (1) cơ sở dữ liệu (data); (2) làm chủ công nghệ AI; (3) có hạ tầng máy tính mạnh; (4) phải có nhân lực.</p><p>Về chiến lược đào tạo nhân lực cần nhìn cho đúng. Phải đào tạo hai dạng: nhân lực xuất sắc và nhân lực làm việc được trong lĩnh vực công nghiệp. </p><p>Doanh nghiệp không thể đợi nguồn nhân lực mới trong 5-10 năm tới, nên phải ưu tiên lĩnh vực phục vụ ứng dụng công nghiệp ngắn hạn bên cạnh đào tạo nhân lực xuất sắc trong dài hạn. Do vậy, cái bắt tay giữa Nhà nước, trường ĐH và doanh nghiệp rất quan trọng.</p><p>TP cũng cần ưu tiên số 1 cho việc đưa AI vào ứng dụng, làm sao để những người làm kỹ thuật ở các ngành khác tiếp cận, hiểu được AI và đưa vào từng sản phẩm của công nghiệp. TP cũng phải có cơ chế để thu thập và chia sẻ dữ liệu cho doanh nghiệp.</p><p><b>TS Lê Hồng Việt <span>(giám đốc công nghệ Công ty cổ phần FPT):</span></b></p><p><b>Doanh nghiệp cần nhân lực <span>AI chuyên sâu</span></b></p><p>VN đang thiếu dữ liệu trong khi lĩnh vực AI phụ thuộc chủ yếu vào có dữ liệu tốt hay không. </p><p>Các doanh nghiệp VN hiện tại phải tự gom góp dữ liệu. Nếu có nguồn liên thông dữ liệu từ Chính phủ, các doanh nghiệp có thể tận dụng dữ liệu đó phát triển AI tốt hơn.</p><p>Chúng tôi cũng mong muốn có chính sách khuyến khích cơ sở đào tạo cung cấp nhân lực nghiên cứu AI mức độ chuyên sâu. </p><p>Trong lĩnh vực này, chúng tôi tuyển tiến sĩ trong nước không ra, phải tuyển từ nước ngoài. </p><p>Cần tiên phong cho lĩnh vực ứng dụng, tạo ra thị trường lớn cho doanh nghiệp. Các doanh nghiệp sẵn sàng đầu tư theo mô hình PPP. </p><p>Nhà nước phải làm sao tạo ra chính sách khuyến khích ứng dụng và có chính sách để doanh nghiệp đầu tư theo hướng cho thuê. Đây là những điều cấp thiết với doanh nghiệp.</p>', 26, 2),
(17, '<h1>CEO của eBay từ chức</h1>', 'https://i.imgur.com/MWsTjQe.jpg', 17, '2019-10-09 17:33:00', '<p><span>\'Gã khổng lồ\' thương mại điện tử eBay ngày 25-9 cho biết giám đốc điều hành (CEO) Devin Wenig sẽ từ chức khi công ty này đang cân nhắc các lựa chọn chiến lược, bao gồm cả việc bán tài sản trong thời điểm khó khăn khiến doanh thu giảm.</span><br></p><p>Hãng không công bố thời điểm ông Wenig sẽ ra đi, song cho biết trưởng nhóm tài chính Scott Schenkel sẽ tạm thời đảm nhận các công việc của ông Wenig trong khi tìm người thay thế. Phó Chủ tịch phụ trách kế hoạch tài chính toàn cầu và phân tích Andy Cring sẽ tạm thời đảm nhận vị trí trưởng nhóm tài chính.</p><p>Chủ tịch eBay Thomas Tierney cho biết: \"Ông Devin là người đấu tranh không mệt mỏi để cả thiện công ty, đặc biệt trong việc dẫn dắt công ty sau khi tách khỏi công ty mẹ PayPal. Thực tế là eBay ngày nay đã mạnh hơn cách đây 4 năm. Tuy nhiên, sau nhiều cân nhắc, cả ông Devin và ban lãnh đạo tin rằng một CEO mới sẽ tốt hơn cho công ty trong thời gian này\".</p><p>eBay là một trong những câu chuyện thành công trong giai đoạn đầu phát triển Internet, tuy nhiên những năm gần đây, hãng đã không giữ được đà của mình trước đối thủ Amazon. </p><p>Trong quý gần đây nhất, lợi nhuận của eBay đã giảm 37% xuống còn 402 triệu USD trong khi doanh thu gần như giậm chân tại chỗ. Ông Tierney cho biết eBay đang tìm cách thúc đẩy \"thương hiệu và nền tảng\" của mình để \"tạo ra thành công\".</p><p>Công ty cũng cho biết đang tiếp tục đánh giá chiến lược tài sản của mình, có thể dẫn tới việc bán các đơn vị như dịch vụ trao đổi vé trực tuyến StubHub và eBay Classifieds Group.</p>', 11, 2),
(18, '<h1>Việt Nam có nguồn tấn công mạng hàng đầu thế giới</h1>', 'https://i.imgur.com/thfdnJp.jpg', 18, '2018-09-18 18:33:00', '<p>Báo cáo mới nhất về mối nguy hại trong quý 2 năm 2019 của hãng Nexusguard cho biết số cuộc tấn công từ chối dịch vụ (DoS) sử dụng dịch vụ khuếch đại DNS tăng đến 1040,41% so với cùng kỳ năm 2018.&nbsp;</p><p>Trong danh sách các nguồn tấn công nhiều nhất, Việt Nam xếp thứ 3 với tỉ lệ 8,7%. Việt Nam cũng đứng thứ 2 trong khu vực Châu Á - Thái Bình Dương.</p><p>Theo báo cáo, một nhà mạng của Việt Nam là VNPT đứng thứ 2 trong danh sách các nhà mạng có nguồn tấn công DoS nhiều nhất thế giới với tỉ lệ 6,13%, sau nhà mạng DigitalOcean của Mỹ (16.29%).</p><p>DoS là hình thức tấn công đã có từ lâu nhưng nay vẫn được kẻ tấn công ưa thích sử dụng để thực hiện các ý đồ xấu. DoS về cơ bản không nguy hiểm nhưng lại gây ảnh hưởng đến hoạt động của hệ thống, gây thiệt hại về kinh tế cho tổ chức bị tấn công. DoS có thể được thực hiện với nhiều kỹ thuật khác nhau.&nbsp;</p><p>Trong những năm gần đây, phần lớn tin tặc huy động các thiết bị đang mở cổng dịch vụ sử dụng giao thức UDP để thực hiện tấn công. Các thiết bị này có thể bị huy động dễ dàng để thực hiện tấn công DRDoS (Distributed Reflective Denial-of-Service - tấn công từ chối dịch vụ phản xạ phân tán) đem lại hiệu quả tấn công lại rất cao. Rất nhiều giao thức tầng ứng dụng hiện nay đều có điểm yếu, lỗ hổng cho phép thực hiện tấn công này.</p><p>Tại Việt Nam, theo thống kê của Cục An toàn thông tin, Bộ Thông tin và Truyền thông, có rất nhiều máy chủ, thiết bị có thể trở thành nguồn phát tán tấn công DRDoS. Trong tuần vừa qua có đến 48.327 (giảm so với tuần trước là 50.820) thiết bị có khả năng bị huy động và trở thành nguồn tấn công DRDoS.</p>', 41, 2),
(19, '<h1>Tòa châu Âu xử Google thắng Pháp trong vụ kiện ‘quyền được lãng quên’</h1>', 'https://i.imgur.com/0Wgl7q4.jpg', 19, '2018-09-19 19:25:00', '<p>\"Quyền được lãng quên\" về lí thuyết là quyền của một người được tự do quyết định cuộc sống mà không bị lên án bởi hậu quả để lại từ hành động người đó thực hiện trong quá khứ.  </p><p>Trong thời đại số, một người có \"quyền được lãng quên\" là được phép gỡ bỏ khỏi internet những thông tin, hình ảnh, đoạn phim có liên quan tới mình, khiến người khác không thể tìm được chúng thông qua các công cụ tìm kiếm như Google.  </p><p>Tòa án Công lý châu Âu (ECJ) ngày 24-9 đưa ra phán quyết khẳng định \"quyền được lãng quên\" của những người sử dụng mạng Internet ở châu Âu sẽ không được áp dụng trên quy mô toàn cầu đối với các công cụ tìm kiếm như Google, theo <i>CNBC.  </i></p><p>\"Tòa án kết luận rằng, hiện luật của EU không có quy định đối với 1 hãng vận hành công cụ tìm kiếm... phải thực hiện việc bỏ tham chiếu (de-referencing) trên toàn bộ các phiên bản công cụ tìm kiếm của mình\", tuyên bố từ ECJ viết.  </p><p>Vụ kiện xuất phát từ một quyết định năm 2016 của Ủy ban quốc gia về thông tin và quyền tự do Pháp (CNIL). Cụ thể, CNIL phạt Goolge 100.000 euro vì từ chối thực thi \"quyền được lãng quên\" trên toàn cầu, thay vì chỉ áp dụng với các phiên bản công cụ tìm kiếm tại châu Âu.  </p><p>ECJ đã xem xét 2 vấn đề riêng rẽ. Một là về vấn đề Google phải tháo thông tin cá nhân nhạy cảm khỏi công cụ tìm kiếm trên toàn cầu hay chỉ tại châu Âu. Vấn đề còn lại là liệu hãng có buộc phải tự động xóa các kết quả tìm kiếm có liên quan tới thông tin nhạy cảm hay không.  </p><p>Trước đây, một phán quyết liên quan từng được đưa ra năm năm 2014. Phán quyết này cho phép công dân EU có quyền yêu cầu các công cụ tìm kiếm, trong đó có Google, xóa thông tin nhạy cảm về mình. Ví dụ như các trường hợp phạm tội trong quá khứ.  </p>', 62, 2),
(20, '<h1>Malaysia điều tra \'hành vi độc quyền\' của Grab</h1>', 'https://i.imgur.com/J7vybl5.jpg', 20, '2018-09-20 20:25:00', '<p><i>Bloomberg</i> ngày 25-9 dẫn lời Giám đốc điều hành Ủy ban Cạnh tranh Malaysia Iskandar Ismai cho biết cơ quan này đã bắt đầu cuộc điều tra đối với Grab từ ngày 19-9. Tuy nhiên, ông Ismai từ chối cung cấp thêm về các bước cụ thể mà ủy ban đang thực hiện.  </p><p>Cuộc điều tra đối với Grab được công bố lần đầu tiên vào năm 2018 bởi Bộ Giao thông vận tải Malaysia. Chính quyền nước này phải thực hiện động thái trên do nhận được nhiều khiếu nại liên quan tới hành vi độc quyền của Grab. Cụ thể, các khiếu nại đề cập tới việc Grab mua lại toàn bộ hoạt động của hãng đặt xe Uber tại Đông Nam Á.  </p><p>Các đại diện của Grab tạm thời chưa có phản hồi.<br></p><p>Thông tin này được đưa ra chỉ một ngày sau khi hãng công nghệ tổ chức sự kiện <i>Grab vì cộng đồng - Grab for Good</i> tại thủ đô Jakarta, Indonesia. Đây là lần đầu tiên Grab công bố báo cáo tác động xã hội từ các khoản đầu tư của mình.  </p><p>Hãng công nghệ có trụ sở tại Singapore này ước tính đóng góp 5,8 tỉ USD vào nền kinh tế Đông Nam Á trong vòng 12 tháng, tính đến tháng 3-2019, giám đốc điều hành kiêm đồng sáng lập Grab Anthony Tan tuyên bố trong sự kiện.</p><p>Đối thủ cạnh tranh Gojek của Grab đang lên kế hoạch tiếp cận thị trường Malaysia trong mảng đặt dịch vụ xe gắn máy. Đội ngũ quản lý hàng đầu của Gojek đã gặp và làm việc cùng Thủ tướng Malaysia Mahathir Mohamad từ tháng 8.</p><p>Theo <i>Bloomberg</i>, chính phủ của ông Mahathir đang nỗ lực tạo ra môi trường cạnh tranh hơn cho các doanh nghiệp có liên kết với nhà nước. Kuala Lumpur còn thực hiện đấu thầu mở, yêu cầu hãng viễn thông Telekom Malaysia chia sẻ hệ thống cáp băng thông rộng của mình với các nhà mạng khác.  </p><p>Ngoài ra, quốc gia này cũng cân nhắc việc cho người tiêu dùng chọn các nhà cung cấp điện khác ngoài công ty điện quốc doanh Tenaga Nasional.</p>', 44, 2),
(21, '<h1>Lần đầu tiên phát hiện ba hố đen khổng lồ sau va chạm thiên hà</h1>', 'https://i.imgur.com/or6I1IL.jpg', 21, '2018-09-21 21:25:00', '<p>Theo Đài <i>CNN</i>, vụ va chạm chấn động này xảy ra cách Trái đất 1 tỉ năm ánh sáng. Và từ tâm vụ va chạm giữa 3 thiên hà, Cơ quan Hàng không vũ trụ Mỹ (NASA) phát hiện 3 hố đen (lỗ đen) siêu lớn.</p><p>Để quan sát được, nhóm các nhà khoa học phải sử dụng kết hợp kính viễn vọng cả trên mặt đất lẫn vũ trụ.</p><p>Kính viễn vọng Sloan ở New Mexico đã chụp được ảnh của ánh sáng phát ra từ vụ va chạm. Sau đó, kính khảo sát hồng ngoại diện rộng của NASA cũng ghi nhận được ánh sáng hồng ngoại rực rỡ.&nbsp;</p><p>Trạm quan sát tia X Chandra cũng bắt được hình ảnh các điểm phát sáng ở trung tâm mỗi thiên hà. Khí gas và mây bụi cũng được nhận thấy ở vùng không gian này. Tất cả cho thấy sự hiện diện của hệ thống ba lỗ đen háu đói.</p><p>Hệ thống này được đặt tên là SDSS J084905.51+111447.2. Nghiên cứu về hệ thống được đăng tải trên tạp chí chuyên ngành <i>The Astrophysical Journal.</i></p><p>Trước đây, giới khoa học đã quan sát được một cặp lỗ đen, nhưng chưa từng thấy 3 lỗ đen. Một cặp lỗ đen thường sẽ hợp nhất thành một lỗ lớn hơn và nếu là ba lỗ thì có khả năng chúng sẽ hợp nhất nhanh hơn.</p><p>Khi những lỗ đen này hợp nhất, chúng sẽ tạo ra hệ quả là sóng hấp dẫn hoặc gợn sóng trong không gian và thời gian.</p><p>\"Lỗ đen kép và ba là cực kỳ hiếm. Những hệ thống như vậy là hệ quả tự nhiên của sự hợp nhất thiên hà. Chúng tôi cho rằng đó là cách mà thiên hà tiếp tục phát triển\" - Shobita Satyapal, đồng tác giả nghiên cứu từ Đại học George Mason, cho biết.</p>', 10, 3),
(22, '<h1>Biến đổi khí hậu khiến tương lai thế giới ảm đạm</h1>', 'https://i.imgur.com/kPrEGIo.jpg', 22, '2018-09-22 22:25:00', '<p>Theo báo cáo, các đại dương hấp thụ khoảng 1/4 lượng khí thải CO<sub>2</sub> và khoảng 90% lượng nhiệt dư thừa bị giữ lại trong bầu khí quyển. </p><p>Tuy nhiên khi khí thải tiếp tục nhiều lên, các đại dương sẽ có tính axit hơn, giữ ít oxy hơn, trở nên ấm hơn khiến những cơn bão ngày càng mạnh hơn và ảnh hưởng đến nghề cá cũng như các rạn san hô.<br></p><p>Ngoài ra, như Straits Times ngày 25-9 đưa tin, nhiệt độ toàn cầu tăng cao khiến băng từ Greenland và Nam Cực tăng tốc độ tan chảy, khiến mực nước biển được dự báo sẽ tăng vài centimet mỗi năm và có thể tăng vài mét mỗi năm vào năm 2300, đe dọa các đảo và các thành phố ở vùng trũng, tăng chi phí bảo vệ bờ biển và chống lụt.</p><p>Báo cáo cảnh báo rằng nếu phát thải khí nhà kính tiếp tục tăng mạnh, khoảng 70% băng vĩnh cửu ở bề mặt Bắc Cực sẽ biến mất, giải phóng một lượng vô cùng lớn khí metan, một loại khí nhà kính có thể khiến sự ấm lên toàn cầu trở nên trầm trọng hơn.</p>', 15, 3),
(23, '<h1>Thành phố ô nhiễm, khói bụi, ăn gì để giữ khỏe mạnh?</h1>', 'https://i.imgur.com/bbUt9Cn.jpg', 23, '2018-09-23 23:25:00', '<p class=\"\">Sống trong bầu không khí bị ảnh hưởng khói bụi, <a href=\"https://tuoitre.vn/o-nhiem.html\" title=\"ô nhiễm\" target=\"_blank\">ô nhiễm</a> kéo dài sẽ ảnh hưởng rất lớn đến sức khỏe. <span style=\"\">Bên cạnh khẩu trang, kính chống bụi, thuốc bôi da, bạn nên bổ sung những thực phẩm dinh dưỡng tăng cường hệ miễn dịch.</span></p><p class=\"\"><b>Uống nhiều nước, bớt cà phê</b></p><p class=\"\">Nước lọc, nước khoáng, nước suối đều có tác dụng rất tốt với cơ thể. Không chỉ làm đẹp, làm ẩm da trong tiết trời khô hanh mà uống nhiều nước còn giúp thận của loại bỏ độc tố từ khói bụi đã hấp thụ qua da và phổi.</p><p class=\"\">Không nên uống nhiều rượu và caffeine vì chúng có thể khiến cơ thể bị mất nước.</p><p class=\"\"><b>Ăn đu đủ, cam, dâu tây</b></p><p class=\"\">Dâu tây, kiwi, cam, đủ đủ... là những thực phẩm rất giàu vitamin C.  </p><p class=\"\">Trong một quả kiwi chứa 87 IU vitamin A, 92,7mg vitamin C và nhiều hợp chất chống oxy hóa giúp tăng cường hệ miễn dịch.</p><p class=\"\">Trong trái cam, đu đủ, dâu tây cũng chứa nhiều vitamin A, C, kali giúp điều chỉnh huyết áp và các emzym rất tốt cho hệ tiêu hóa.  </p><p class=\"\"><b>Thêm rau xanh trong bữa ăn  </b></p><p class=\"\">Rau xanh là nguồn thực phẩm dồi dào vitamin A, B, D và nhiều khoáng chất. Bạn nên thay đổi phong phú nhiều loại rau xanh như rau cải, rau muống, rau ngót, bí...  </p><p class=\"\">Đặc biệt là súp lơ xanh, được coi như \"siêu thực phẩm\" khi chứa tới 89mg vitamin C, 0,78mg vitamin E và rất nhiều khoáng chất chống oxy hóa, giảm đau bệnh xương khớp, bệnh tim mạch vành, chống lại các tế bào gây ung thư.  </p>', 20, 3);
INSERT INTO `newspapers` (`newspaper_id`, `newspaper_title`, `newspaper_imgae`, `newspaper_author_id`, `newspaper_date`, `newspaper_content`, `newspaper_view`, `newspaper_category_id`) VALUES
(24, '<h1>Sinh viên làm bao bì, chén muỗng dùng một lần từ... bột khoai tây</h1>', 'https://i.imgur.com/lmFzc8J.jpg', 24, '2018-09-24 14:25:00', '<p>Nông Văn Phước và Đặng Nguyễn Xuân Trọng, sinh viên năm 4 Trường ĐH Kinh tế - tài chính TP.HCM, đã dành nhiều thời gian kể từ đầu năm 2019 để sáng tạo bao bì tự phân hủy làm từ tinh bột khoai tây.</p><p>Phước chia sẻ do là sinh viên một trường kinh tế, không mạnh về khoa học nên Phước đã tốn thời gian \"tầm sư học đạo\" nhiều nơi như mạng xã hội, các chuyên gia, trải qua nhiều thất bại khi thử các nguyên liệu như bột khoai mì, bột sắn.</p><p>\"Sản phẩm hiện giờ chúng tôi sử dụng bột khoai tây, thêm một nguyên liệu đặc biệt, sau khi nấu nóng và cho vào khuôn sẽ cho ra các sản phẩm như màng bao bì, muỗng nhựa, chén nhựa\" - Phước cho biết.</p><p>Những sản phẩm này có thể được sử dụng trong vòng 3-4 tháng và có thể tự phân hủy ở tự nhiên. \"Hiện nay nhóm mình đang tìm hiểu thêm các cách thức chuyển sản xuất thủ công sang công nghiệp\" - Phước nói.</p><p>Trong cuộc thi ý tưởng khởi nghiệp CIC 2019 do ĐH Quốc gia TP.HCM tổ chức, sản phẩm của Phước và Trọng đã vào top 10 chung cuộc và sẽ dự thi vòng chung kết Ngày hội khởi nghiệp quốc gia của học sinh, sinh viên (SV - Startup) vào đầu tháng 10-2019 do Bộ GD-ĐT tổ chức.</p><p>Theo đại diện ban giám khảo CIC 2019, sản phẩm của nhóm Phước và Trọng có nhiều tiềm năng ứng dụng trong tương lai.</p>', 25, 3),
(25, '<h1>TP.HCM phát triển trí tuệ nhân tạo: Con người phải là trung tâm</h1>', 'https://i.imgur.com/4IENfkM.jpg', 25, '2018-09-25 16:59:00', '<p><span style=\"\">Đây là hội thảo lớn thứ hai trong năm về AI do UBND TP.HCM tổ chức, cho thấy sự quan tâm của thành phố đến xu hướng này. </span></p><p><span style=\"\">\"Sau hội thảo này, TP.HCM dự kiến ban hành một chương trình phát triển AI chi tiết. Nhìn chung, ứng dụng AI sẽ đi theo ba hướng chính: phục vụ hoạt động của doanh nghiệp, góp sức cho các công việc quản lý nhà nước và giúp cuộc sống người dân thuận tiện hơn\" - ông Nguyễn Việt Dũng, giám đốc Sở KH-CN TP.HCM, cho biết.</span><br></p><p>Trong khi đó, trao đổi với Tuổi Trẻ từ góc độ người làm khoa học, PGS.TS Trần Minh Triết - phó hiệu trưởng Trường ĐH Khoa học tự nhiên (ĐH Quốc gia TP.HCM) - cho rằng Việt Nam có tiềm năng về con người trong việc nghiên cứu, phát triển và ứng dụng AI. </p><p>\"Để thực hiện được điều này cần có chiến lược phát triển sâu rộng từ nhà nước và sự hợp tác giữa nhà nước, trường - viện nghiên cứu và doanh nghiệp\" - ông Triết chia sẻ.</p><p><b><i>* Được biết, trong hội thảo này ông sẽ trình bày tham luận về \"Phát triển AI lấy con người làm trung tâm\". Vì sao ông đưa ra khái niệm này?</i></b></p><p>- Không chỉ riêng AI mà đích đến của mọi sự phát triển đều nhằm phục vụ con người. Với AI, xuất phát từ nhu cầu thực tế, các đề bài sẽ ra đời và thách thức nhà khoa học. Một khi họ đã tìm được những giải pháp, chúng chưa chắc thành công mà phải qua giai đoạn thử nghiệm cả về tính chính xác, hiệu quả và cả trải nghiệm người dùng, giúp cho giải pháp có thể được triển khai rộng rãi và được xã hội chấp nhận.</p><p>Ví dụ như trong việc thiết kế ngôi nhà thông minh, dù con người được thụ hưởng các điều kiện sống tốt hơn nhưng có thể con người chưa thật sự cảm thấy thoải mái, tự nhiên và có cảm giác bị theo dõi bằng công nghệ trong chính ngôi nhà của mình.</p><p>Các giải pháp chứa hàm lượng tri thức cao cũng tương tự các sản phẩm khác, đều trải qua các giai đoạn từ hình thành ý tưởng đến khi ra sản phẩm và cuối cùng được thị trường chấp nhận. Các giải pháp AI tích hợp nhiều tri thức của con người, nên mang kỳ vọng lớn hơn với mong muốn giải quyết được nhiều bài toán mới hơn và hiệu quả hơn.</p>', 50, 3),
(26, '<h1>Phát hiện một lục địa  hơn 2 triệu km2 ẩn sâu 1.500km bên dưới châu Âu</h1>', 'https://i.imgur.com/l5L6W0h.jpg', 26, '2018-09-26 04:25:00', '<p>Nghiên cứu được dẫn đầu bởi giáo sư kiến tạo và cổ sinh vật học Douwe van Hinsbergen từ Đại học Utrecht (Hà Lan) và được đăng tải trên tạp chí khoa học <i>Gondwana Research</i> cho thấy lục địa được tìm thấy không phải là Atlantis mà là Greater Adria, có kích cỡ ngang với Greenland. Lục địa này tách ra từ Bắc Phi, rồi bị chôn vùi bên dưới khu vực phía nam châu Âu vào 140 triệu năm trước.</p><p>Cụ thể hơn, vào 140 triệu năm trước, châu Âu và Greater Adria va chạm. Greater Adria bị san phẳng, chôn vùi trong quá trình này và hầu hết chìm xuống bên dưới, phần nổi còn lại hiện là Ý, Hi Lạp và các nước Baltic.</p><p>Và Greater Adria không phải là trường hợp duy nhất. Các nghiên cứu mới về vỏ Trái đất cho thấy nhiều dấu vết về các lục địa bị mất. Phân tích địa chất cổ dẫn đến kết quả các lục địa xuất hiện đầu tiên trên Trái đất có thể đã biến mất, mang theo sự sống trên hành tinh này.</p><p>Giống như các nền văn minh đã mất, lục địa bị mất để lại dấu vết cho các nhà khoa học tìm kiếm. Giáo sư Hinsbergen lưu ý những phần bị chìm của lục địa Greater Adria vẫn tiếp tục có ảnh hưởng đến châu Âu ngày nay.</p><p>Giáo sư Hinsbergen cho rằng dưới sức nóng và áp suất khủng khiếp trong hàng chục triệu năm, những tảng đá vôi từ Greater Adria đã biến thành đá cẩm thạch. Và đó là nguồn đá cẩm thạch mà người La Mã và Hi Lạp cổ đã khai thác để xây các điện thờ.</p>', 45, 3),
(27, '<h1>Thiết bị phát hiện bất thường sức khỏe qua... mồ hôi</h1>', 'https://i.imgur.com/wslz1lU.jpg', 27, '2018-09-27 02:25:00', '<p><span style=\"\">Theo nghiên cứu được công bố trong ấn phẩm mới nhất của tạp chí khoa học</span><i> Science Advances,</i><span style=\"\"> \r\n thiết bị cảm biến da này được thiết kế giúp theo dõi tốc độ đổ <a href=\"https://tuoitre.vn/mo-hoi.html\" title=\"mồ hôi\" target=\"_blank\" rel=\"nofollow\">mồ hôi</a>, chất điện giải và chất chuyển hóa trong mồ hôi. </span><br></p><p>Trên mỗi thiết bị cảm biến này có một ống xoắn ốc siêu nhỏ có thể hút mồ hôi trên da. Thông qua việc theo dõi tốc độ mồ hôi di chuyển qua ống siêu nhỏ này, các thiết bị cảm biến có thể đo lường được lượng mồ hôi tiết ra trên cơ thể người đeo. </p><p>Ngoài ra, các thiết bị này còn được trang bị tính năng cảm biến hóa học, có thể phát hiện nồng độ chất điện giải như kali và natri, và các chất chuyển hóa như glucose (đường).</p><p>Để tìm hiểu về những chỉ dấu về sức khỏe thông qua việc theo dõi lượng mồ hôi tiết ra, các nhà nghiên cứu đến từ Đại học California, Berkeley đã cài các thiết bị cảm biến mới này tại các khu vực khác nhau trên cơ thể của các tình nguyện viên, bao gồm trán, cánh tay, nách và lưng. </p><p>Họ đã đo tỉ lệ tiết mồ hôi cũng như nồng độ natri và kali trong mồ hôi khi các tình nguyện viên đạp xe và nhận thấy rằng tỉ lệ đổ mồ hôi cục bộ có thể phản ánh tình trạng mất nước của toàn bộ cơ thể trong quá trình tập luyện. </p><p>Điều này đồng nghĩa qua việc theo dõi mức độ tiết mồ hôi, các vận động viên có thể nhận biết được những dấu hiệu cảnh báo sức khỏe khi họ luyện tập với cường độ quá nặng.</p><p>Bên cạnh đó, các nhà khoa cũng sử dụng các thiết bị cảm biến này để so sánh nồng độ glucose trong mồ hôi và trong máu ở những bệnh nhân khỏe mạnh và bệnh nhân tiểu đường. </p><p>Tuy nhiên, họ nhận thấy việc đơn thuần kiểm tra lượng glucose trong mồ hôi không thể phản ánh chính xác lượng đường trong máu của một người, do đó vẫn cần phải tiến hành nghiên cứu thêm để xác định mối liên hệ này.</p>', 45, 3),
(28, '<h1>Tìm ra cách giúp trồng cây trên sao Hỏa</h1>', 'https://i.imgur.com/z6wQyod.jpg', 28, '2018-09-28 07:45:00', '<p class=\"\">Nhà vật lý Stephen Hawking từng nói \"con người cần phải tìm kiếm những môi trường sống ngoài Trái đất\". Nếu thực hiện theo định hướng ấy thì việc tìm cách <a href=\"https://tuoitre.vn/trong-cay.html\" title=\"trồng cây\" target=\"_blank\" rel=\"nofollow\">trồng cây</a> trên những hành tinh xa xôi là điều rất cần nghiên cứu.  </p><p class=\"\">Bề mặt, thổ nhưỡng và khí hậu của <a href=\"https://tuoitre.vn/sao-hoa.html\" title=\"sao Hỏa\" target=\"_blank\" rel=\"nofollow\">sao Hỏa</a> hiện nay không phải là nơi thích hợp cho thực vật phát triển. Hành tinh đỏ rất lạnh lẽo, khô và chịu nhiều bức xạ, đất chứa các hóa chất độc hại, trong khi không khí thì có tới 95% là CO<sub>2</sub>. </p><p class=\"\">Nhưng với mục tiêu biến nơi đây thành ngôi nhà thứ hai của con người, các nhà khoa học của Cơ quan Hàng không và Vũ trụ Hoa Kỳ (NASA) và Đại học Edinburgh (Anh) vừa tìm ra cách làm cho bề mặt sao Hỏa phù hợp với nông nghiệp.  </p><p class=\"\">Thiết bị mới này được gọi là \"tấm Aerogel\", là một tấm vật liệu siêu nhẹ được sáng chế bắt chước hiệu ứng nhà kính của Trái đất, sẽ và biến bề mặt khô cằn, lạnh lẽo của sao Hỏa thành đất phù hợp để canh tác.  </p><p class=\"\">Aerogel vốn là vật liệu siêu nhẹ và xốp, được tạo nên từ 97% chất khí, chỉ 3% là silica. Các nhà khoa học cho rằng tấm silica dày 2cm đến 3cm sẽ chặn các tia UV có hại, cho phép lượng ánh sáng vừa đủ để thực vật quang hợp và giữ nhiệt đủ để làm tan băng trong đất của sao Hỏa.  </p><p class=\"\">Các nhà khoa học đã áp dụng thử nghiệm thành công cách thức này trong môi trường nhân tạo giống như trên sao Hỏa và công bố kết quả trên tạp chí <i>Nature</i> ngày 15-7.  </p><p class=\"\">Các tấm Aerogel sẽ được đặt trực tiếp trên mặt đất để trồng tảo và thực vật thủy sinh hoặc đặt trên cao để tạo hiệu ứng nhà kính thích hợp cho thực vật trên cạn phát triển.  </p><p class=\"\">Hiện NASA chưa công bố kế hoạch lắp đặt Aerogel trên sao Hỏa cũng như cách thức thực hiện, nhưng giới khoa học thế giới đều đặt niềm tin vào phát minh mới này. </p><p class=\"\"><span style=\"\">Trước đây, các nhà khoa học và thiên văn học từng đề xuất nhiều giải pháp để cải tạo đất và thay đổi không khí trên sao Hỏa nhưng vì nhiều lý do đều trở thành nhiệm vụ bất khả thi. Phát minh mới này hiện đang nhận được sự tán thưởng của giới khoa học thế giới.</span><br></p><p class=\"\">Theo Robin Wordsworth, phó giáo sư tại Đại học Harvard, đây là phương pháp hữu ích. \"Các tấm Aerogel tuy không giải quyết được triệt để bài toán trồng cây trên sao Hỏa nhưng nó có thể giúp các nhà du hành tương lai tạo ra những ốc đảo nhỏ tại đây. Từ đó làm biến đổi chất lượng đất và không khí trên hành tinh đỏ, dần tạo nên môi trường sống lý tưởng cho thực vật, động vật và con người\".  </p><p class=\"\">Trong tương lai gần, NASA sẽ cho thử nghiệm ở quy mô nhỏ bằng việc phóng robot. Về lâu dài, phương pháp này sẽ được sử dụng để hỗ trợ các nhiệm vụ thám hiểm vũ trụ của con người, đặc biệt là tạo ra \"nhiều Trái đất\" hơn trong vũ trụ bao la.</p>', 35, 3),
(29, '<h1>Phát hiện sóng ánh sáng kỳ lạ chưa từng được biết đến</h1>', 'https://i.imgur.com/xHrvqPj.jpg', 15, '2019-10-10 04:59:45', '<p><span style=\"\">Lý thuyết về sóng ánh sáng từng được nhiều nhà khoa học đưa ra cách đây hàng trăm năm. Trong đó phải kể đến \"Lý thuyết hạt ánh sáng\" của Isaac Newton (thế kỷ 17), cho rằng dòng ánh sáng là dòng di chuyển của các hạt vật chất; \"Lý thuyết sóng ánh sáng\" của Christiaan Huygens (thế kỷ 17) cho rằng dòng ánh sáng là sự lan truyền của sóng.</span></p><p><span style=\"\">Trong khi đó </span><span style=\"\">\"Lý thuyết sóng ánh sáng ngang\" của Thomas Young (năm 1817) cho rằng sóng ánh sáng là sóng ngang, chứ không phải sóng dọc có dao động vuông góc với hướng truyền, chứ không theo hướng truyền.</span></p><p>Sau đó, vào năm 1865, lý thuyết điện từ của James Clerk Maxwell khẳng định lại lần nữa tính chất sóng của ánh sáng rằng ánh sáng chỉ là một trường hợp riêng của sóng điện từ. Các thí nghiệm sau này về sóng điện từ đều phần nào dựa trên lý thuyết này và khẳng định tính chính xác của nó.  </p><p>Dựa trên công trình nghiên cứu của James Clerk Maxwell, các nhà khoa học và kỹ sư từ Đại học Edinburgh (Scotland) và Đại học bang Pennsylvania (Mỹ) mới đây đã khám phá ra một sóng ánh sáng mới (đặt tên là Dyakonov-Voigt) bằng cách phân tích cách ánh sáng truyền đi dưới dạng sóng khi tương tác với một số tinh thể tự nhiên hoặc nhân tạo.  </p><p>Nhóm nghiên cứu phát hiện ra rằng sóng Dyakonov-Voigt được tạo ra tại một khu vực cụ thể, nơi các tinh thể tiếp xúc với một vật liệu khác, như dầu hoặc nước. Những sóng này chỉ có thể được tạo ra bằng cách sử dụng một số loại tinh thể nhất định có tính chất quang học phụ thuộc vào hướng mà ánh sáng đi qua chúng.  </p><p>Các thuộc tính độc đáo của sóng Dyakonov-Voigt được xác định bằng các mô hình toán học kết hợp các phương trình được James Clerk Maxwell xây dựng.  Nhóm nghiên cứu tìm thấy sóng Dyakonov-Voigt giảm dần khi chúng rời khỏi khu vực tiếp xúc. Quá trình này được gọi là phân rã ánh sáng và chỉ đi theo một hướng duy nhất. Các \"sóng bề mặt\" khác phân rã nhanh hơn và di chuyển theo nhiều hướng.  </p><p>Tiến sĩ Tom Mackay (khoa Toán học của Đại học Edinburgh), cho biết sóng Dyakonov-Voigt thể hiện một bước tiến trong sự hiểu biết của chúng ta về cách ánh sáng tương tác với các vật liệu phức tạp và tạo cơ hội cho một loạt công nghệ những tiến bộ trong tương lai.  </p>', 215, 3),
(30, '<h1>Siêu tụ điện vẫn hoạt động sau 40 lần bị đập bằng búa</h1>', 'https://i.imgur.com/P8mq1Qn.jpg', 6, '2018-09-30 23:05:45', '<p><span style=\"\">\"Vô tình làm rớt các thiết bị điện tử, chẳng hạn như máy tính xách tay hoặc điện thoại di động, thường sẽ dẫn đến hư hỏng. </span><span style=\"\">Trong một số tình huống thì các thiết bị lưu trữ năng lượng còn có thể gây hỏa hoạn do tác động của va đập</span><span style=\"\">\", Julio D’Arcy - trợ lý giáo sư tại Đại học Washington ở St. Louis cho biết.</span><br></p><p>Bằng cách kiểm soát sự hình thành rỉ sét trong dung dịch, các nhà nghiên cứu đã phát triển một lớp xốp có độ dày tính bằng micromet gồm các sợi dẫn được dán vào một lớp nhựa hữu cơ mềm dẻo. Kết quả có phần giống với một chiếc bánh sandwich được mở một mặt.</p><p>\"Nó tương tự như cơ chế dẫn đến sự hình thành lớp rỉ trên bề mặt của một miếng kim loại ướt\", D’Arcy cho biết.</p><p>\"Ở đây, chúng tôi đã thiết kế cẩn thận định hướng cấu trúc nanô để một màng polymer lắp ráp song song với bề mặt rỉ sét. Nó tạo ra một lớp sợi nano polymer đan xen với cấu trúc giống như vải mà rất linh hoạt và lý tưởng để lưu trữ năng lượng trong một siêu tụ điện.</p><p>Các nhà nghiên cứu đã thử uốn cong nhiều lần vật liệu mới này ở các góc khác nhau. Sau đó, họ còn lấy búa đập liên tục nhiều lần và thậm chí cho va đập với lực động tương tự một vụ đụng xe ở tốc độ gần 50 km/h. </p><p>Với cùng tác động như vậy, các vật liệu khác như kim loại và carbon sẽ bị vỡ. Nhưng vật liệu mới này không vỡ, mà còn<span style=\"\"> duy trì 80% khả năng trữ năng lượng sau lần đập búa đầu tiên, còn sau 40 lần đập liên tiếp thì duy trì được 74%.</span></p>', 30, 3),
(31, '<h1>Vinsmart ra mắt thị trường Nga</h1>', 'https://i.imgur.com/znL80UY.jpg', 4, '2018-09-30 04:25:00', '<p>\r\nNgày 3/10, VinSmart công bố tham gia thị trường Nga với việc ra mắt 4 sản phẩm điện thoại thông minh mới nhất.<p class=\"Normal\">\r\nĐây là 4 trong số 8 smartphone Vsmart đã ra mắt kể từ khi thành lập vào tháng 6/2018, và Nga là thị trường xuất khẩu thứ ba của VinSmart sau Tây Ban Nha và Myanmar. Nhà phân phối chính thức của điện thoại thông minh Vsmart tại Nga là TFN Trading.\r\nPhát biểu về sự kiện ra mắt, bà Yulia Klebanova, Phó chủ tịch ban phát triển kinh doanh Qualcomm Châu Âu cho biết: \"Công ty VinSmart ra mắt tại thị trường Nga vào thời điểm bắt đầu xây dựng mạng lưới thế hệ truyền thông 5G. Quyền truy cập vào danh mục sản phẩm Qualcomm Technologies liên tục mở rộng, VinSmart sẽ giới thiệu tới người dùng Nga một loạt mẫu điện thoại thông minh hiệu năng cao và đáng tin cậy, bao gồm cả những sản phẩm hỗ trợ phạm vi 5G mm do cơ quan quản lý Nga phân bổ\".</p>\r\n<span>Ông Sergey Sadkov, Giám đốc kinh doanh của VinSmart tại Nga cho biết: \"Ra mắt điện thoại thông minh tại Nga chỉ là sự khởi đầu. Các thiết bị tiếp theo đang được chúng tôi lên kế hoạch ra mắt cho người dùng trong nước\".</span></p><p class=\"Normal\">\r\n4 mẫu điện thoại thông minh Vsmart được giới thiệu tại Nga là Vsmart Live, Vsmart Joy2+, Vsmart Star và Vsmart Bee, sử dụng hệ điều hành Android mới, được tối ưu hóa cho người sử dụng.</p><p class=\"Normal\">\r\nTrong đó, Vsmart Live là thiết bị hàng đầu của dòng với 3 mô-đun camera 48 MP, màn hình FHD + AMOLED 6,2 inch, cảm biến vân tay, bộ xử lý 8 nhân Qualcomm Snapdragon 675. Còn Vsmart Joy 2+ sử dụng chip Snapdragon 450 8 nhân (1,8 GHz), 2 camera sau (13 MP + 5 MP), camera trước 8 MP, và có hỗ trợ sạc nhanh. Vsmart Star - thu hút với độ sáng ba chiều của màu gốc và đường viền cổ áo hình thời trang cho máy ảnh phía trước. Trong số các điện thoại thông minh thuộc phân khúc của nó, chiếc điện thoại nổi bật với chipset Qualcomm. Cuối cùng, Vsmart Bee có bộ xử lý là MTK 6739, 1/16 GB, máy ảnh 8 và 5 MP, Android Go 8.1, pin 2500 mAh.</p>', 25, 4),
(32, '<h1>\r\nNỗi lo \'kỳ tích\' GDP 9 tháng	</h1>', 'https://i.imgur.com/US0WFYX.jpg', 23, '2018-10-01 04:25:00', '<p>\r\nGDP 9 tháng cao nhất gần một thập kỷ, nhưng hạn chế của xuất khẩu, sản xuất công nghiệp, đầu tư công... có thể là trở ngại cho tăng trưởng sắp tới.	</p>\r\n\r\n<p>\r\nTổng sản phẩm quốc nội (GDP) 9 tháng đầu năm tăng 6,98%, theo Tổng cục Thống kê. Với đặc thù nền kinh tế có độ mở cao, trong bối cảnh dòng chảy thương mại quốc tế ngày một phức tạp, kết quả này được giới phân tích đánh giá là \"kỳ tích\". Nhưng \"kỳ tích\" này đồng thời cũng đặt ra câu hỏi: \"Động lực nào đã dẫn dắt đà tăng trưởng của nền kinh tế?\". Nhìn sang các nước khác, kinh tế Ấn Độ chỉ tăng 5%, Trung Quốc tăng trưởng kinh tế thấp nhất 30 năm, còn Singapore mới đây đã hạ dự báo cả năm về 0%.</p><p class=\"Normal\">\r\nChuyên gia kinh tế Cấn Văn Lực cho rằng, kết quả này là \"có cơ sở\" khi những động lực dẫn dắt đà tăng đã có sự chuyển dịch. \"Sự thay đổi của dòng chảy thương mại rõ ràng đã có những tác động, động lực hiện nay không phải là xuất khẩu như giai đoạn trước, thay vào đó là đầu tư và tiêu dùng nội địa. Nhưng đó là chuyện của hiện tại, năm sau sẽ thách thức hơn và tăng trưởng có thể sẽ không còn giữ được mức cao\", TS Cấn Văn Lực nhận xét.</p>', 14, 4),
(33, '<h1>\r\nQuy định \'giờ giới nghiêm\' là tự chặt cánh tay du lịch</h1>', 'https://i.imgur.com/hQV1cII.jpg', 27, '2018-10-02 18:23:00', '<p>\r\nTổng giám đốc Vietravel Nguyễn Quốc Kỳ cho rằng, nguồn thu từ các dịch vụ ban đêm có thể chiếm 70% cơ cấu doanh thu ngành du lịch.	</p>\r\n<p>\r\n<em>- Trong khi Thái Lan đang cân nhắc nới giờ mở cửa hàng quán tới 4h sáng, thay vì 2h như hiện nay thì ở Hà Nội - một trong hai thành phố du lịch lớn nhất nước, khách vẫn than phiền chỗ ăn đêm không có, chưa nói chỗ vui chơi. Ông nghĩ sao về điều này?</em></p><p>\r\n- Mỗi khi ra Hà Nội, tôi thường ăn phở ở gầm cầu Phùng Hưng lúc nửa đêm, mà nhiều lúc phải ôm bát chạy vì bị công an phường đuổi. Hà Nội là thành phố hòa bình, quản lý tốt, tại sao phải cần đặt quy định \"giờ giới nghiêm\". Như vậy không khác gì \"tự chặt cánh tay du lịch\".</p><p>\r\nNhưng tôi nghĩ, rào cản không chỉ nằm ở giới hạn thời gian mà còn là quy hoạch và quản lý. Chính vì không quy hoạch được mới trở nên hổ lốn. Nhiều tuyến phố đi bộ ở các thành phố lớn, giờ người ta gọi là phố đi nhậu. Hàng quán tràn ra lòng đường, chiếm diện tích. Những con phố rộng hơn, thích hợp làm dịch vụ, thì lại trống trơn.</p><p>\r\nTư duy không quản lý được thì cấm khiến các thành phố bỏ quên cơ hội từ kinh tế đêm. Trong khi đó, nếu quy hoạch từng khu cụ thể, có điều kiện kinh doanh rõ ràng thì câu chuyện sẽ khác. Chính quyền từng thành phố phải trả lời được những câu hỏi: \"Muốn cái gì?\", \"Khai thác thế nào\" thì mới có thể đưa ra một giải pháp tổng thể.</p>', 34, 4),
(34, '<h1>\r\nEU có thể trả đũa đòn thuế của Mỹ	</h1>', 'https://i.imgur.com/4h2qNHn.jpg', 10, '2018-10-03 18:23:00', '<p class=\"Normal\">\r\n\"Liên minh châu Âu (EU) sẽ phải phản ứng, và có lẽ cũng sẽ áp thuế trả đũa sau khi nhận được sự đồng ý của Tổ chức Thương mại Thế giới\", ông cho biết. Trên Twitter sau đó, ông cũng tái khẳng định điều này, đồng thời bổ sung: \"Châu Âu rất thống nhất với vấn đề này. Chúng tôi vẫn sẵn sàng đàm phán các quy tắc chung cho việc trợ cấp trong ngành hàng không và có thể ngăn chặn các thiệt hại lớn hơn\".</p>', 10, 4),
(35, '<h1>\r\nJeff Bezos sẽ là người đầu tiên có 1.000 tỷ USD	</h1>', 'https://i.imgur.com/FrA6lae.jpg', 20, '2018-10-04 07:23:00', '<p>\r\nJeff Bezos hiện là người giàu nhất hành tinh, với 107,8 tỷ USD. Ông không chỉ là \r\n người đầu tiên cán mốc tài sản 100 tỷ USD, mà còn có thể là người đầu tiên sở hữu 1.000 tỷ USD.</p><p class=\"Normal\">\r\nNền tảng so sánh dữ liệu Comparisun đã nghiên cứu tốc độ tăng trưởng tài sản trung bình năm của người giàu thế giới 5 năm qua, để dự đoán sự thay đổi tài sản mỗi cá nhân. Theo đó, trong 25 người giàu nhất, chỉ 11 người có khả năng sở hữu 1.000 tỷ USD khi còn sống.</p>\r\n<p class=\"Normal\">\r\nNhà sáng lập đại gia thương mại điện tử Amazon và công ty du lịch vũ trụ Blue Origin vẫn là người giàu nhất thế giới sau khi chia gần 40 tỷ USD cho vợ cũ. Ông được dự báo sở hữu nghìn tỷ USD năm 2026 ở tuổi 62.</p><p class=\"Normal\">\r\nXu Jiayin - Chủ tịch hãng bất động sản lớn nhì Trung Quốc - China Evergrande Group sẽ là người thứ hai cán mốc tài sản này năm 2027, ở tuổi 68. Hai đại diện khác của Trung Quốc là nhà sáng lập Alibaba - Jack Ma (năm 2030) và Ma Huateng - Chủ tịch Tencent (năm 2033).</p><p class=\"Normal\">\r\nMỹ đóng góp thêm 5 cái tên khác trong danh sách. Đó là ông chủ Facebook - Mark Zuckerberg, cựu CEO Microsoft Steve Ballmer, CEO kiêm nhà sáng lập Dell - Michael Dell và hai nhà đồng sáng lập Google - Larry Page, Sergey Brin.</p><p class=\"Normal\">\r\nNgười giàu nhất Ấn Độ - Chủ tịch Reliance Industries Mukesh Ambani và ông chủ hãng thời trang xa xỉ Louis Vuitton - Bernard Arnault được dự báo sẽ chạm mốc tài sản nghìn tỷ USD năm 75 tuổi và 84 tuổi. Họ hiện là người giàu nhất Ấn Độ và châu Âu.</p>', 32, 4),
(36, '<h1>\r\nMột doanh nghiệp nợ thuế hơn 455 tỷ đồng	</h1>', 'https://i.imgur.com/uCeQJHs.jpg', 18, '2018-10-05 07:23:00', '<p class=\"Normal\">\r\nCục Thuế TP HCM vừa công bố danh sách hơn 1.150 doanh nghiệp nợ thuế với tổng số tiền thuế, phạt, nộp chậm lên đến hơn 2.760 tỷ đồng.</p><p>\r\n<span>Trong danh sách nợ thuế công bố kỳ này, dẫn đầu là doanh nghiệp</span><span style=\"color:rgb(0,0,0);\"> có trụ sở đặt tại quận 2 và đã hoạt động hơn 20 năm chuyên lĩnh vực xây dựng nợ thuế hơn 445 tỷ đồng. Tiếp đến là hai doanh nghiệp lần lượt nợ 112 và 105 tỷ đồng.</span></p>\r\n<p class=\"Normal\">\r\nTrong danh sách công bố, số doanh nghiệp nợ thuế từ trên 20 tỷ đồng đến dưới 60 tỷ đồng có 12 công ty, nợ từ trên 10 tỷ đồng đến dưới 20 tỷ đồng có 23 công ty.</p><p class=\"Normal\">\r\nTheo Cục Thuế TP HCM, các doanh nghiệp nêu trên mặc dù được cơ quan thuế liên tục áp dụng các biện pháp thu hồi nợ nhưng vẫn chây ỳ không nộp. Theo đó, để thu hồi số tiền nợ thuế nêu trên, Cục thuế sẽ áp dụng các biện pháp cưỡng chế thuế, trong đó có các biện pháp phong tỏa tài khoản ngân hàng để trích tiền nộp ngân sách; ngăn chặn việc sử dụng hóa đơn, đề nghị cơ quan chức năng thu hồi giấy phép kinh doanh...</p><p class=\"Normal\">\r\nTính đến 31/8/2019, tổng số nợ có khả năng thu là 14.101 tỷ đồng, tăng 58,33% so với thời điểm 31/12 năm ngoái.</p><p class=\"Normal\">\r\nTrong đó, các khoản nợ liên quan đến đất là 3.644 tỷ đồng, tăng 173,36%; nợ từ các khoản thuế, phí là 6.106 tỷ đồng, tăng 54,33%; tiền phạt, tiền chậm nộp là 3.923 tỷ đồng, tăng 9,1%.</p>', 24, 4),
(37, '<h1>\r\nTài sản của người giàu nhất thế giới qua các năm	</h1>', 'https://i.imgur.com/Xm49C0J.jpg', 19, '2018-10-06 17:23:00', '<p>\r\nSau 20 năm từ khi trở thành tỷ phú, tài sản của ông chủ Amazon Jeff Bezos đã tăng gấp 100 lần.</p><p class=\"Normal\">\r\nNăm 1997, khi Jeff Bezos làm IPO cho Amazon, cả Wall Street đều nghi ngờ một website bán sách, thành lập trong một garage ở Seattle sẽ làm nên chuyện. \"Tôi cho rằng họ cũng có lý do chính đáng\", Bezos sau đó trả lời trên Forbes, \"Nhưng họ không hiểu là Internet sau này sẽ mang đến cho khách hàng nhiều quyền lực đến thế nào\".</p><p class=\"Normal\">\r\nNăm 1998, Bezos lọt vào danh sách 400 người giàu nhất Mỹ, nhờ 40% cổ phần được định giá 1,6 tỷ USD khi đó. 2 thập kỷ sau, ông đã đứng đầu danh sách này, thậm chí là người giàu nhất thế giới. Năm nay, ông chủ Amazon tiếp tục là người giàu nhất Mỹ, với tài sản 114 tỷ USD.</p>', 11, 4),
(38, '<h1>\r\nTập đoàn Mỹ đầu tư nhà máy điện khí 5 tỷ USD	</h1>', 'https://i.imgur.com/KOpRYOA.jpg', 28, '2018-10-07 17:23:00', '<p>\r\nThủ tướng đồng ý giao Tập đoàn AES (Mỹ) làm chủ đầu tư dự án điện Sơn Mỹ 2 tại Bình Thuận theo hình thức BOT trị giá 5 tỷ USD. 	</p><p class=\"Normal\">\r\nVăn bản Thủ tướng chấp thuận giao Tập đoàn AES (Mỹ) làm chủ đầu tư dự án nhà máy điện khí Sơn Mỹ 2 (Bình Thuận) theo hình thức hợp đồng xây dựng - kinh doanh - chuyển giao (BOT), vừa được Bộ trưởng Công Thương trao cho tập đoàn này nhân chuyến thăm, làm việc tại Mỹ. </p><p class=\"Normal\">\r\nHợp đồng xây dựng nhà máy điện này có tổng trị giá khoảng hơn 5 tỷ USD, khi chính thức đi vào vận hành sẽ tạo ra nhu cầu nhập khẩu khí hóa lỏng LNG từ Mỹ lên tới gần 2 tỷ USD mỗi năm. </p><p class=\"Normal\">\r\nTheo Bộ Công Thương, việc chấp thuận giao cho Tập đoàn AES thực hiện dự án điện khí 5 tỷ USD sẽ góp phần hài hòa cán cân thương mại với Mỹ. </p><p class=\"Normal\">\r\nDự án nhiệt điện khí Sơn Mỹ 2 nằm trong tổ hợp chuỗi dự án nhiệt điện Sơn Mỹ (gồm Sơn Mỹ 1, 2 và 3) tại tỉnh Bình Thuận có tổng công suất 4.000 MW. Ước tính mỗi năm nhà máy này tiêu thụ gần 0,6 triệu tấn LNG, dự kiến vận hành vào năm 2024. </p><p class=\"Normal\">\r\nAES là một doanh nghiệp có nhiều kinh nghiệm trong sản xuất, phân phối điện trên thế giới. Tại Việt Nam, tập đoàn này quan tâm tới việc đầu tư vào chuỗi dự án khí Sơn Mỹ do Tổng công ty Khí Việt Nam (PV GAS) làm chủ đầu tư. Tháng 11/2017, PV GAS và AES đã ký bản ghi nhớ về hợp tác tại dự án kho cảng LNG Sơn Mỹ.</p><p class=\"Normal\">\r\nNgoài ra, AES cùng với Posco Energy (Hàn Quốc) và China Investment Corporation (Trung Quốc) đã phát triển dự án Nhiệt điện Mông Dương 2 có công suất 1.200 MW. Dự án đã hoàn thành và được đưa vào vận hành thương mại từ tháng 4/2015.</p><p class=\"Normal\">\r\nCũng trong khuôn khổ chuyến thăm này, Bộ Công Thương và Bộ Ngoại giao Mỹ đã ký biên bản ghi nhớ hợp tác (MOU) đối tác hợp tác năng lượng toàn diện, mở ra kỳ vọng xây dựng lộ trình hợp tác trong từng lĩnh vực năng lượng cụ thể. </p><p class=\"Normal\">\r\nTháng trước, một dự án điện khí hơn 5 tỷ USD cũng được tỉnh Bình Thuận chấp thuận cho phép Công ty Đầu tư và quản lý Quỹ Energy Capital Việt Nam (ECV) đầu tư. Dự án này dự kiến hoàn thành vào 2025 với tổng công suất 3.200 MW, sử dụng nguyên liệu LNG nhập khẩu từ Mỹ.</p><p class=\"Normal\">\r\nTheo số liệu của Cục Điện lực và năng lượng tái tạo (Bộ Công Thương), dự kiến đến năm 2020, công suất nhiệt điện khí là gần 9.000 MW, sẽ tăng lên 19.000 MW 10 năm sau đó. Điện khí sẽ chiếm khoảng 14% tổng công suất toàn hệ thống điện đến năm 2030 và để đủ 22 tỷ m3 khí sản xuất 19.000 MW, Việt Nam sẽ phải nhập khẩu 50% khí LNG. </p>\r\n', 10, 4),
(39, '<h1>\r\nGiá vàng SJC tiếp tục tăng	</h1>', 'https://i.imgur.com/9nCzyjg.jpg', 27, '2019-10-11 17:23:00', '<p>\r\nMỗi lượng vàng sáng nay tăng vài chục nghìn đồng, duy trì giá bán ra trên 42 triệu đồng.</p><p>\r\nTập đoàn DOJI hiện niêm yết giá vàng miếng SJC tại 41,85 - 42,25 triệu đồng một lượng. So với cuối ngày hôm qua, giá này tăng 70.000 đồng ở chiều mua và bán.</p><p class=\"Normal\">\r\nTại một số doanh nghiệp khác trong nước như Công ty Vàng bạc Đá quý Phú Nhuận (PNJ), giá vàng cũng đi lên. Cụ thể, giá mua là 41,7 triệu đồng mỗi lượng, còn bán lên 42,05 triệu đồng, tăng 200.000 đồng so với hôm qua.</p>\r\n<p class=\"Normal\">\r\nVàng miếng trong nước đã tăng mạnh phiên hôm qua gần nửa triệu đồng, theo diễn biến của thị trường thế giới. Giá trong phiên châu Á sáng nay tiếp tục đi lên, hiện chạm 1.508 USD một ounce. Quy đổi sang tiền Việt, giá thế giới hiện tương đương 42,3 triệu đồng một lượng (chưa thuế, phí, gia công), cao hơn thị trường trong nước khoảng 50.000 - 300.000 đồng.</p>\r\n<p class=\"Normal\">\r\nTrên thị trường ngoại hối, tỷ giá trung tâm do Ngân hàng Nhà nước công bố sáng nay là 23.159 đồng một USD, giảm 2 đồng so với cuối tuần trước. Giá đôla Mỹ tại Vietcombank hiện quanh 23.115 – 23.265 đồng, tăng 4 đồng so với hôm qua.</p>', 10, 4),
(40, '<h1>\r\nNhững dự án lớn thay đổi bộ mặt Bến Cát, Bình Dương	</h1>', 'https://i.imgur.com/VJ5x5gJ.png', 19, '2019-10-09 17:23:00', '<p class=\"description\">\r\nCác dự án như Đại học Việt - Đức, khu đô thị, công viên trung tâm thương mại đồng loạt khởi công từ cuối năm 2019. 	</p><p>\r\nCuối tháng 9 vừa qua, thị xã Bến Cát (Bình Dương) đón nhận thông tin ra mắt của nhiều dự án lớn, trong đó có Đại học quốc tế Việt - Đức. Trường đại học quốc tế trọng điểm do Việt Nam và Đức phối hợp đầu tư.</p><p>\r\nDự án lập ra với mục tiêu phát triển trở thành một trường đại học hàng đầu khu vực Đông Nam Bộ, nằm trong nhóm 200 đại học hàng đầu thế giới. Dự kiến mỗi năm Việt - Đức sẽ đào tạo khoảng 12.000 sinh viên, các giảng viên giảng dạy là những giáo sư danh tiếng của Đức. Sinh viên khi tốt nghiệp cũng sẽ được cấp bằng quốc tế của Đức và có giá trị quốc tế. </p><p>\r\nĐại học Việt - Đức có có tổng mức đầu tư 200 triệu USD (gần 5.000 tỷ). Phần lớn số vốn dự án được tài trợ bởi ngân hàng thế giới. Ở thời điểm hiện tại, toàn bộ phần thô của dự án này đã được hoàn thành. Chủ đầu tư đang đẩy nhanh tiến độ xây dựng để đưa vào vận hành trong một năm tới. </p><p>\r\nNgoài trường Đại học Việt - Đức, Thịnh Gia Tower, tòa tháp đầu tiên của thị xã Bến Cát cũng sẽ triển khai trong tháng 10 tới. Chủ đầu tư kỳ vọng tòa tháp khi hoàn thành sẽ trở thành biểu tượng kiến trúc của thị xã. </p><p>\r\n\"Tòa tháp cao cấp xây dựng để trở thành dự án căn hộ dịch vụ phục vụ nhu cầu lưu trú của các giảng viên, sinh viên quốc tế. Đây cũng là nơi ở cho chuyên gia cao cấp trong làng đại học quốc tế, các khu công nghiệp Mỹ Phước 1-2-3, VSIP2 xung quanh dự án\", đại diện chủ đầu tư nói. </p><p>\r\nTrong khu phức hợp Thịnh Gia Tower, Tập đoàn Ruby Group phát triển một đại trung tâm thương mại đầu tiên của Bến Cát. Khu phức hợp này hoàn thành sẽ là trung tâm ăn uống, mua sắm, vui chơi, giải trí hàng đầu tại Bình Dương, vận hành bởi thương hiệu bán lẻ top đầu của thị trường.</p><p>\r\nChị Lan Anh, sống tại phường Tân Định, thị xã Bến Cát cho biết diện mạo khu vực đã thay đổi nhanh chóng sau 3 năm. \"Nếu có trung tâm thương mại, người dân Bến Cát sẽ có một nơi giải trí, mua sắm, vui chơi xứng tầm. Từ giờ gia đình không phải chạy sang tận Thủ Dầu Một hay Thuận An để vui chơi nữa\", chị Lan Anh nói. </p><p>\r\nĐiểm nhấn của tổ hợp trung tâm thương mại này là phố foodcourt sở hữu quy mô hơn 20 nhà hàng ẩm từ các thương hiệu nổi tiếng như: gà rán, lẩu băng chuyền Kichi Kichi, thịt nướng Gogi Hàn Quốc, nhà hàng món Thái, BBQ. Ngoài ra, khu foodcourt này cũng có hàng chục quán cafe, trà sữa...</p><p class=\"Normal\">\r\nBên cạnh đó, khu vực shopping center là nơi tập trung của hàng chục cửa hàng tiện ích, shop thời trang đa dạng, đáp ứng nhu cầu mua sắm của người dân Bến Cát. Chủ đầu tư dự kiến khu vực trung tâm thương mại này sẽ đón khoảng một triệu lượt khách mua sắm, giải trí mỗi năm.</p><p>\r\nNgoài khu vực shopping, food - court, tại tổ hợp giải trí, shopping, giáo dục của Thịnh Gia Tower còn có trường học phát triển tài năng trẻ em của ATY Group. Dự án còn xây dựng một khu phức hợp thể thao với sân bóng đá, bóng rổ, tennis, hồ bơi tiêu chuẩn Olympic để phục vụ cho trường học phát triển tài năng này. </p><p>\r\nThịnh Gia Tower là dự án đầu tiên tại Bình Dương sở hữu công viên 4 mùa Central Park có rộng 4ha trong lòng dự án. Tại đây có hơn 10.000 cây xanh và hoa cỏ, hồ cảnh quan rộng hàng nghìn m2. Chủ đầu tư dự định biến khu vườn trở thành địa điểm check - in độc đáo của giới trẻ khi đến tham quan, mua sắm tại tổ hợp Trung tâm thương mại, foodcourt. Ngay trong công viên 4 mùa, tổ hợp khu vui chơi dành riêng cho trẻ em cũng được đầu tư với quy mô lớn và đa dạng.</p><p class=\"Normal\">\r\nTrên đỉnh Thịnh Gia Tower là sky bar ấn tượng kèm theo khu hồ bơi resort, bar, cafe trên cao, trở thành điểm giải trí về đêm cho cư dân.</p><p class=\"Normal\">\r\nKhông chỉ là điểm đến của các dự án lớn, sau 3 năm mở cửa đón đầu tư, Bến Cát đang nổi lên như một địa chỉ mới trên bản đồ công nghiệp Bình Dương. Trong 6 tháng đầu năm 2019, thị xã Bến Cát thu hút vốn đầu tư trực tiếp nước ngoài (FDI) với 1,5 tỷ USD, tăng 70% so với cùng kỳ năm 2018, vượt kế hoạch cả năm 2019. </p><p class=\"Normal\">\r\nThị xã hiện có 3.249 dự án, trong đó 2.679 dự án đầu tư trong nước với số vốn đầu tư gần 28.000 tỷ đồng. 570 dự án đầu tư nước ngoài, tổng vốn đầu tư hơn 6,1 tỷ USD. </p>', 375, 4),
(41, '<h1>\r\nKhông xếp loại trên bằng tốt nghiệp đại học </h1>', 'https://i.imgur.com/ffDI26f.jpg', 24, '2019-10-10 07:23:00', '<p class=\"Normal\">\r\nDự thảo lần 1 thông tư quy định nội dung chính ghi trên văn bằng giáo dục đại học, được Bộ Giáo dục và Đào tạo đưa ra lấy ý kiến từ ngày 3/10. Văn bản này đề cập nội dung chính ghi trên văn bằng giáo dục đại học bao gồm: bằng cử nhân, bằng thạc sĩ, bằng tiến sĩ và bằng tiến sĩ danh dự. </p><p class=\"Normal\">\r\n10 chi tiết chính ghi trên văn bằng giáo dục đại học gồm:</p><p class=\"Normal\">\r\n- Tiêu đề Cộng hòa xã hội chủ nghĩa Việt Nam.</p><p class=\"Normal\">\r\n- Tên văn bằng theo từng trình độ đào tạo (bằng cử nhân, bằng thạc sĩ, bằng tiến sĩ).</p><p class=\"Normal\">\r\n- Tên cơ sở giáo dục cấp văn bằng.</p><p class=\"Normal\">\r\n- Họ, chữ đệm, tên của người được cấp văn bằng.</p><p class=\"Normal\">\r\n- Ngày tháng năm sinh của người được cấp văn bằng.</p><p class=\"Normal\">\r\n- Quốc tịch của người được cấp văn bằng.</p><p class=\"Normal\">\r\n- Ngành đào tạo.</p><p class=\"Normal\">\r\n- Địa danh, ngày tháng năm cấp văn bằng.</p><p class=\"Normal\">\r\n- Họ, chữ đệm, tên, chức danh, chữ ký của người có thẩm quyền cấp văn bằng và đóng dấu theo quy định.</p><p class=\"Normal\">\r\n- Số hiệu, số vào sổ gốc cấp văn bằng.</p><p class=\"Normal\">\r\nNgoài ra, cơ sở giáo dục đại học được bổ sung nội dung khác ghi trên văn bằng phù hợp với quy định của pháp luật.</p><p class=\"Normal\">\r\nSo với quy định hiện nay (Thông tư số 19/2011), dự thảo thông tư có ba điểm khác biệt. Thứ nhất, với quy định cũ, người tốt nghiệp sẽ được phân biệt về xếp loại bằng tốt nghiệp theo các mức gồm: xuất sắc, giỏi, khá, trung bình khá, trung bình. Thứ hai, văn bằng hiện phân biệt rõ ràng hình thức đào tạo gồm: chính quy, vừa làm vừa học, học từ xa, tự học có hướng dẫn.</p><p class=\"Normal\">\r\nThứ ba, hiện tên văn bằng tốt nghiệp đại học có sự khác nhau tùy theo khối ngành đào tạo. Với ngành kỹ thuật ghi là bằng kỹ sư; ngành kiến trúc là bằng kiến trúc sư; ngành y là bằng bác sĩ hoặc bằng cử nhân; ngành dược là bằng dược sĩ hoặc bằng cử nhân. Các ngành khoa học cơ bản, sư phạm, luật, kinh tế ghi là bằng cử nhân. Các ngành còn lại ghi là bằng tốt nghiệp đại học.</p><p class=\"Normal\">\r\nNếu dự thảo thông tư này được thông qua, tên gọi văn bằng tốt nghiệp trình độ đại học chỉ gọi chung là bằng cử nhân. Điều này phù hợp Luật Giáo dục đại học (sửa đổi) có hiệu lực từ 1/7 với quy định \"văn bằng giáo dục đại học thuộc hệ thống giáo dục quốc dân bao gồm bằng cử nhân, bằng thạc sĩ, bằng tiến sĩ và văn bằng trình độ tương đương\".</p><p class=\"Normal\">\r\nNgười học hoàn thành chương trình đào tạo, đạt chuẩn đầu ra, hoàn thành các nghĩa vụ, trách nhiệm thì được hiệu trưởng cơ sở giáo dục đại học cấp văn bằng ở trình độ đào tạo tương ứng.</p>', 426, 5),
(42, '<h1>\r\nChương trình Toán lớp 5 quá khó </h1>', 'https://i.imgur.com/rdC7QrW.jpg', 7, '2018-10-11 07:59:00', '<p>Cháu gái tôi học lớp 5, môn Toán khó quá. Cháu giải không được, mẹ cháu vẫn bắt làm bằng được dù đã 10h tối.</p><p class=\"Normal\">\r\nHai mẹ con cùng rối ren. Cháu hoảng loạn khóc với tôi: \"Con không làm được vì quá khả năng của con\". Tội nghiệp quá.</p><p class=\"Normal\">\r\nTôi thấy cần thiết giảm tải chương trình tiểu học và cả chương trình phổ thông nói chung. Lên cấp THPT nên cho học phân ban cho hợp khả năng và xu hướng hướng nghiệp.</p><p class=\"Normal\">\r\nThực tế giáo dục mấy chục năm qua cho thấy, trừ các nghề kỹ thuật chuyên ngành thì nhiều kiến thức Toán, Lý, Hóa hầu như đều bị bỏ phí.</p>', 24, 5),
(43, '<h1>\r\nPhương pháp dạy Toán khác biệt của Singapore </h1>', 'https://i.imgur.com/S7e1g0H.jpg', 6, '2018-10-12 17:23:00', '\r\n<p>Singapore liên tục xếp thứ hạng cao ở bộ môn Toán hoặc Khoa học trong các chương trình đánh giá học tập như TIMSS và PISA (OCED).</p><p class=\"Normal\" dir=\"ltr\">\r\nCó nhiều lý do dẫn tới sự thành công trong giáo dục Toán học tại quốc đảo này, một trong số đó đến từ phương pháp dạy gọi là \"Toán Singapore\".</p><p class=\"Normal\" dir=\"ltr\">\r\nToán Singapore là chương trình dạy độc đáo, tập trung vào kỹ năng giải quyết vấn đề và xây dựng nền tảng toán học vững chắc. Chương trình dành cho trẻ em từ mẫu giáo đến lớp 6, là một phần của chương trình giảng dạy quốc gia dưới sự giám sát chặt chẽ của Bộ Giáo dục.</p><p class=\"Normal\" dir=\"ltr\">\r\nTrước khi chương trình toán Singapore ra đời, quốc gia này sử dụng sách giáo khoa của những nước khác. Năm 1981, Phòng Kế hoạch và Phát triển chương trình giảng dạy Singapore (nay là Viện Phát triển Chương trình giảng dạy Singapore) thấy được sự cần thiết của bộ sách giáo khoa riêng nên bắt đầu xây dựng chương trình giảng dạy mới.</p><p class=\"Normal\" dir=\"ltr\">\r\nNăm 1982, Singapore ra mắt bộ sách giáo khoa riêng, trong đó có \"Toán tiểu học\", phân phát tới các trường học trên toàn quốc. Bộ sách giáo khoa được sửa đổi bổ sung vào năm 1992, nhấn mạnh hơn việc dạy học sinh giải quyết vấn đề.</p><p class=\"Normal\" dir=\"ltr\">\r\nNhững ảnh hưởng từ bộ sách giáo khoa mới của Singapore đã được thế giới nhìn nhận rõ rệt sau các bài đánh giá chất lượng học sinh vào năm 1995, 1999 và 2003. Cho đến gần đây, học sinh Singapore luôn đạt các thành tích cao trên đấu trường Toán học quốc tế. Đó là lý do tại sao các nhà giáo dục, nhà toán học trên thế giới bắt đầu dành sự chú ý đến Toán Singapore.</p>', 15, 5),
(44, '<h1>\r\nThí sinh kết thúc điều chỉnh nguyện vọng xét tuyển đại học	</h1>', 'https://i.imgur.com/L9fvO4m.jpg', 10, '2018-10-13 17:23:00', '<h2 class=\"description\">Đến 17h ngày 31/7, cả nước có 288.300 thí sinh điều chỉnh nguyện vọng, chiếm hơn 44% tổng số em đăng ký xét tuyển vào đại học, cao đẳng 2019.</h2>\r\n<p class=\"Normal\">\r\nTrong đó, hơn 225.000 thí sinh điều chỉnh online, số còn lại thay đổi bằng phiếu. Ngoài nguyện vọng, 52 thí sinh điều chỉnh khu vực ưu tiên và 81 em đổi đối tượng ưu tiên, Bộ Giáo dục và Đào tạo cho biết.</p><p class=\"Normal\">\r\nViệc điều chỉnh nguyện vọng được thực hiện trong 10 ngày, từ 22 đến 31/7, sau khi thí sinh biết điểm và các trường công bố mức nhận hồ sơ xét tuyển. PGS Phạm Quốc Khánh, Trưởng phòng Đào tạo Học viện Ngân hàng, thông tin tổng số nguyện vọng vào trường sau thời gian điều chỉnh đã tăng hơn 3.000.</p><p class=\"Normal\">\r\n\"Số lượng thực tế còn cao hơn nữa bởi có nhiều em rút hồ sơ xét tuyển khỏi Học viện do không đạt ngưỡng sàn 18. Phần lớn số bổ sung thuộc nhóm nguyện vọng 1-4\", ông Khánh nói và cho biết tổng nguyện vọng năm nay là hơn 30.000, tăng so với năm ngoái. Chỉ tiêu của trường là 3.730.</p><p class=\"Normal\">\r\nHọc viện Ngân hàng dự kiến công bố điểm chuẩn vào sáng 9/8 sau khi Bộ Giáo dục và Đào tạo hỗ trợ các trường lọc ảo. Trước đó, trường dự kiến điểm chuẩn các ngành sẽ tăng từ 0,5 đến 1.</p><p class=\"Normal\">\r\nTheo kế hoạch tuyển sinh, trước 17h ngày 9/8, các trường sẽ công bố điểm chuẩn đợt 1. Thí sinh trúng tuyển xác nhận nhập học trước 17h ngày 15/8. Sau đó, các trường tổ chức xét tuyển bổ sung vào ngày 28/8.</p><p class=\"Normal\">\r\nNăm 2019, khoảng 887.000 thí sinh dự thi THPT quốc gia, giảm gần 40.000 so với năm ngoái. Tuy nhiên, số thí sinh đăng ký xét tuyển đại học, cao đẳng lại tăng hơn 10.000, ở mức hơn 653.000 thí sinh.</p><p class=\"Normal\">\r\nTổng số nguyện vọng thí sinh đăng ký trước khi điều chỉnh nguyện vọng là hơn 2,5 triệu. Trong đó nhóm ngành kinh doanh, quản lý được nhiều thí sinh lựa chọn nhất với gần 823.000 nguyện vọng. Tính theo tổ hợp xét tuyển, khối D01 (Toán, Văn, Anh) chiếm tới 30,74%. Tổng chỉ tiêu các trường là gần 490.000.</p>', 15, 5),
(45, '<h1>\r\nCậu bé bị bắt nạt viết thư gửi các bạn </h1>', 'https://i.imgur.com/EysEmlI.jpg', 16, '2018-10-14 17:23:00', '<p class=\"Normal\">\r\nSau khi biết chuyện và làm việc với bác sĩ tâm lý, gia đình quyết định chuyển trường để RJ không phải chịu đựng thêm những áp lực. Vào ngày cuối trước khi chuyển đi, RJ gửi cho giáo viên chủ nhiệm một bức thư viết tay, mong cô giáo đọc cho các bạn cùng lớp. Dưới đây là nội dung bức thư:</p><p class=\"Normal\">\r\n\"Chào cả lớp, tớ là RJ đây. Hôm nay, tớ sẽ nói cho mọi người về việc bắt nạt. Ở trường, tớ thấy việc này xảy ra rất nhiều, nhưng các cậu chẳng dám nói với giáo viên vì quá sợ hãi. Tớ cũng là một nạn nhân của hành vi này và đúng là việc thừa nhận thật khó khăn với tớ.</p><p class=\"Normal\">\r\nBắt nạt là việc mọi người lặp đi lặp lại hành động trêu chọc với cậu nhiều lần, dù cậu đã tỏ rõ thái độ không thích. Không phải cứ phải đánh người khác thì mới là bắt nạt, đôi khi việc này còn biểu hiện cả ở những lời nói. Họ nhìn thấy khó khăn của cậu, nhưng thay vì giúp đỡ, họ cười nhạo, miệt thị và làm cậu tổn thương.</p><p class=\"Normal\">\r\nĐôi khi, mọi người bắt nạt vì ghen tị với cậu hoặc họ đang gặp khó khăn trong cuộc sống và tìm đến cậu để trút giận. Nhiều người nghĩ thật ngầu khi bắt nạt bạn bè, nhưng tớ thấy giúp đỡ và động viên người khác vượt qua khó khăn mới là ngầu nhất, còn bắt nạt là việc rất tệ.</p><p class=\"Normal\">\r\nMẹ tớ bảo những kẻ bắt nạt cứ ra vẻ thế thôi, chứ họ cũng gặp khó khăn chẳng kém gì các nạn nhân của hành vi này. Họ yếu đuối nên tìm cách hạ bệ người khác để cảm giác bản thân được nâng lên.</p><p class=\"Normal\">\r\nTớ nghĩ khi thấy ai đó bị bắt nạt hoặc chính chúng ta là nạn nhân thì không nên im lặng. Nếu giáo viên không có sự can thiệp, chúng ta có thể tìm tới bố mẹ, người thân hoặc bất kỳ ai tin tưởng để chia sẻ.</p><p class=\"Normal\">\r\nTớ đã im lặng trong một thời gian dài vì nghĩ rằng khi chia sẻ với người lớn mọi việc sẽ tệ hơn, những kẻ bắt nạt cũng đe dọa tớ không được nói cho ai biết. Tớ thấy xấu hổ và bắt đầu trở nên ít nói, lúc nào cũng sợ sệt.</p><p class=\"Normal\">\r\nSau đó, tớ nhận ra việc chia sẻ với người khác tuy khó khăn, thậm chí là xấu hổ, nhưng nó sẽ khiến cậu thật sự cảm thấy tốt lên và không còn cô đơn nữa. Tớ nghĩ điều quan trọng là cô giáo cũng phải giúp đỡ tụi mình vì đôi khi thấy các thầy cô hơi nghiêm khắc. Qua lá thư này, tớ hy vọng người lớn sẽ biết chúng ra cảm thấy không an toàn khi ở trường.</p><p class=\"Normal\">\r\nTớ mong rằng, các cậu sẽ luôn mạnh mẽ, sẵn sàng chia sẻ câu chuyện của mình với người khác khi trải qua khó khăn.</p><p class=\"Normal\">\r\nĐối với bất cứ ai đang bị bắt nạt, xin hãy nhớ điều này, chính kẻ bắt nạt mới là người có vấn đề, chứ không phải cậu đâu. Hãy mạnh mẽ và dũng cảm đưa sự thật ra ánh sáng nhé.</p><p class=\"Normal\">\r\nTớ sẽ luôn ủng hộ và đồng hành cùng cậu.</p><p class=\"Normal\">\r\nBạn của các cậu,</p>', 15, 5),
(46, '<h1>\r\nTrường Đài Loan gây tranh cãi vì không tuyển giáo viên da đen </h1>', 'https://i.imgur.com/LfcAJ4L.jpg', 12, '2018-10-15 17:23:00', '<p class=\"Normal\">\r\nTheo <em>Taiwan News</em>, một giáo viên thuộc trường mẫu giáo tư thục nổi tiếng ở Đài Loan vừa đăng thông báo tuyển dụng lên một nhóm Facebook ngày 11/6, nhưng vấp phải chỉ trích của cộng đồng người nước ngoài tại đây.</p><p class=\"Normal\">\r\nCụ thể, ngôi trường thuộc Tân Bắc (phía bắc Đài Loan) muốn tuyển vị trí giáo viên tiếng Anh dạy thế dành cho học sinh 4-5 tuổi, làm việc 8 tiếng mỗi ngày trong thời gian ngắn đầu tháng 7. Tuy nhiên, ứng viên bắt buộc phải đến từ quốc gia nói tiếng Anh là chủ yếu, và trường không chấp nhận người \"da đen hoặc tối màu\". </p><p class=\"Normal\">\r\nCụm từ trên lan truyền nhanh chóng và tạo làn sóng phản đối dữ dội, khiến nhân viên trường mẫu giáo phải gỡ bỏ bài tuyển dụng chỉ sau một giờ. </p><p class=\"Normal\">\r\n<span>Williams Kaboré (21 tuổi), thành viên của nhóm đã đăng lại để chỉ trích sự phân biệt chủng tộc. </span><span>Kaboré là quản lý bán hàng và sinh viên Đại học Tamkang, đến từ </span><span>Burkina Faso (quốc gia Tây Phi). Anh hiểu rằng giáo viên chỉ đăng quảng cáo theo yêu cầu của nhà trường, nhưng một khi lặp lại nội dung phân biệt chủng tộc, tư tưởng của người đó cũng có vấn đề. </span></p><p class=\"Normal\">\r\n<span>\"Họ chỉ đơn giản là không biết rõ về chúng tôi, nhưng tôi không thể tha thứ được việc đăng loại thông tin phân biệt chủng tộc này lên mạng xã hội. Bài đăng khiến vấn nạn trở thành một việc bình thường\", anh viết. </span></p><p class=\"Normal\">\r\n<span>Một giáo viên tiếng Anh 28 tuổi đến từ </span><span>Saint Lucia (quốc gia ở vùng Caribe) cho biết đã sống ở Đài Loan 7 năm và từng đọc nhiều tin tuyển dụng có nội dung tương tự, nhưng vẫn không thể chấp nhận với lời lẽ lần này.</span></p><p class=\"Normal\">\r\n<span>Để đối phó với dư luận xấu, trường mẫu giáo đã ban hành tuyên bố chính thức, khẳng định yếu tố quan trọng nhất khi tuyển dụng giáo viên là trình độ học vấn và kinh nghiệm liên quan. </span></p><p class=\"Normal\">\r\n<span>\"Chúng tôi không phân biệt đối xử dựa trên chủng tộc, tín ngưỡng, tôn giáo, màu da, nguồn gốc quốc gia hay khuynh hướng tình dục\", trường cho biết.</span></p>', 44, 5),
(47, '<h1>\r\nDạy con tư duy phản biện </h1>', 'https://i.imgur.com/pvA5BPL.jpg', 23, '2018-10-16 18:23:00', '<p>Khi yêu cầu con thực hiện nhiệm vụ bất kỳ, bạn hãy cho con một phút suy nghĩ xem sẽ làm thế nào trước khi đưa ra ý kiến riêng của bạn.</p>\r\n<p>\r\nPhản biện là đưa ra phân tích, đánh giá đa chiều về bất kỳ vấn đề nào trong cuộc sống. Tư duy phản biện không xuất hiện khi trưởng thành mà hình thành suốt thời thơ ấu của trẻ. Hãy tham khảo chín phương pháp dạy trẻ cách tư duy này. </p><p>\r\n<strong>Tạo cơ hội phát triển tư duy phản biện</strong></p><p>\r\nTìm ra nhiều phương thức hoạt động của sự vật, sự việc là cách hình thành tư duy phản biện. Giống như nhiều kỹ năng khác, trẻ sẽ dễ dàng tiếp nhận kỹ năng này thông qua vui chơi. Bằng cách tạo môi trường vừa học vừa chơi, bạn sẽ giúp trẻ nhìn nhận một vấn đề theo nhiều cách. Những kinh nghiệm thực tiễn này cung cấp nền tảng không thể thiếu cho việc phát triển tư duy phản biện sau này.</p><p>\r\nBạn có thể cho con chơi xếp hình, nấu ăn, những đồ chơi có tài nguyên đa dạng để trẻ chọn lựa. Ví dụ, khi chơi xếp hình, trẻ buộc phải nghĩ, làm thế nào để xếp các khối thành hình hay có bao nhiêu cách để xếp hình chúng muốn. Thông qua việc chơi xếp hình, trẻ sẽ phải phân tích đa chiều và tự tay thực hiện những suy nghĩ của chúng, góp phần hình thành tư duy phản biện.</p><p>\r\n<strong>Cho trẻ thời gian suy nghĩ</strong></p><p>\r\nKhi yêu cầu trẻ thực hiện nhiệm vụ bất kỳ hoặc trả lời câu hỏi, đừng bắt chúng đưa ra đáp án ngay lập tức. Thay vào đó, hãy cho trẻ thời gian suy nghĩ. Thời gian suy nghĩ rất quan trọng vì trẻ cần nó để cân nhắc trước hàng loạt câu trả lời hoặc cách thức thực hiện nhiệm vụ. Chúng sẽ phải lựa chọn đáp án phù hợp nhất sau khi phân tích mọi mặt của các đáp án. </p><p>\r\n<strong>Không làm hộ trẻ</strong></p><p>\r\nKhi con đang thực hiện công việc bất kỳ, bạn đừng vội giúp đỡ. Hãy dành 2 phút hoặc lâu hơn để quan sát cách con bạn đang làm việc, sau đó đưa ra gợi ý giúp chúng thực hiện công việc nếu đang đi sai hướng. Phụ huynh nên hạn chế cùng con hoàn thành công việc vì chúng sẽ không có cơ hội tư duy mà dựa vào phương pháp của cha mẹ.</p><p>\r\nĐối với trẻ nhỏ, phụ huynh hãy kiên nhẫn quan sát trẻ làm việc vì chúng chưa đủ sức khoẻ và tư duy sâu sắc về vấn đề. Đối với trẻ lớn hơn, hãy đặt ra những câu hỏi phản biện và cung cấp đủ thông tin để chúng không bị nản lòng, nhưng không quá nhiều như thể bạn đang thay con giải quyết vấn đề.</p><p>\r\n<strong>Đặt câu hỏi mở</strong></p><p>\r\nPhụ huynh cần cung cấp đủ thông tin hoặc đặt câu hỏi phản biện, nhưng sẽ thực hiện như thế nào? Ví dụ, khi con đặt câu hỏi, bạn đừng vội trả lời mà hãy hỏi ngược lại. Việc hỏi ngược không chỉ thúc đẩy tư duy phản biện mà còn giúp trẻ tự tin hơn vì có thể chúng đã có sẵn câu trả lời nhưng không dám bộc lộ. Bạn có thể hỏi con: \"Con có ý tưởng gì chưa?\", \"Con nghĩ vấn đề gì đang xảy ra?\".</p><p>\r\nNgoài ra, hãy tôn trọng câu trả lời của trẻ, dù chính xác hay không, bằng việc khích lệ và tiếp tục đặt câu hỏi mở: \"Cách nghĩ của con thật thú vị, cho bố/mẹ biết tại sao con lại nghĩ như thế?\".</p>', 11, 5);
INSERT INTO `newspapers` (`newspaper_id`, `newspaper_title`, `newspaper_imgae`, `newspaper_author_id`, `newspaper_date`, `newspaper_content`, `newspaper_view`, `newspaper_category_id`) VALUES
(48, '<h1>\r\nTám điều sinh viên du học Australia cần biết </h1>', 'https://i.imgur.com/OcyOh2f.jpg', 2, '2018-10-17 18:53:00', '<p class=\"description\">Nếu đạt điểm D trong một kỳ thi của trường đại học tại Australia, bạn nên vui vì D là kết quả tốt thứ hai trong thang đánh giá, chỉ sau HD.</p>\r\n<p class=\"Normal\">\r\nAustralia là một trong những quốc gia du học được yêu thích nhất thế giới. Nếu có ý định đến nước này trải nghiệm môi trường giáo dục, bạn không nên bỏ qua tám sự thật về cuộc sống học tập và sinh hoạt tại đây.</p><p class=\"Normal\">\r\n<strong>Visa là bắt buộc</strong></p><p class=\"Normal\">\r\nKhác với các quốc gia trong khối Liên minh châu Âu, để học tập tại Australia, bạn bắt buộc phải có visa. Về cơ bản, xin visa du học cũng trải qua các bước như visa du lịch, nhưng khó và đỏi hỏi tài chính nhiều hơn, yêu cầu nộp kèm với giấy cho phép nhập học của trường.</p><p class=\"Normal\">\r\nPhí để hoàn thành thủ tục xin visa du học tương đối cao, nếu chỉ tham gia một khóa học trao đổi ngắn hạn dưới ba tháng tại Australia, bạn nên xin visa du lịch.</p><p class=\"Normal\">\r\n<strong>Chi phí đắt đỏ</strong></p><p class=\"Normal\">\r\nAustralia có chi phí sinh hoạt không hề rẻ, vì vậy khi quyết định du học tại nước này, đặc biệt lựa chọn sống ở hai thành phố đắt đỏ bậc nhất là Melbourne và Sydney, bạn cần có nguồn tài chính vững chắc. </p><p class=\"Normal\">\r\nHầu hết trường đại học và cao đẳng tại Australia rất thoải mái trong việc sinh viên làm thêm. Thời gian học, du học sinh được phép làm việc 40 giờ trong 2 tuần và không bị giới hạn trong thời gian nghỉ lễ và giữa các học kỳ. Mỗi sinh viên có thể kiếm được 10-18 AUD (155.000-280.000 đồng) một giờ. </p><p class=\"Normal\">\r\n<strong>Có hệ thống xếp loại khác biệt</strong></p><p class=\"Normal\">\r\nNếu đạt điểm D trong một kỳ thi của trường đại học tại Australia, điều này hoàn toàn không đáng buồn. Nhiều du học sinh cảm thấy sốc khi biết D là kết quả tốt thứ hai trong thang đánh giá, chỉ sau HD. Đây có lẽ là điều khác biệt lớn nhất trong hệ thống giáo dục của Australia so với các quốc gia du học phát triển khác.</p><p class=\"Normal\">\r\nHệ thống chấm điểm tại Australia cụ thể như sau: HD = A+, D = A, C = B, P = C, N = F</p><p class=\"Normal\">\r\nCó một số biến thể tùy thuộc vào bạn theo học trường nào tại Australia, nhưng cơ bản thang tính điểm sẽ được viết như trên.</p><p class=\"Normal\">\r\n<strong>Melbourne là thành phố du học được yêu thích thứ ba thế giới</strong></p><p class=\"Normal\">\r\nTheo bảng xếp hạng mới nhất của QS công bố cuối tháng 7, Melbourne rất được sinh viên yêu thích và được đánh giá là tốt thứ ba thế giới để du học.</p><p class=\"Normal\">\r\nMelbourne là trung tâm lớn về nghệ thuật đường phố, âm nhạc và sân khấu với rất nhiều sự kiện văn hóa trong năm. Điều này góp phần thu hút sinh viên ở khắp nơi, tạo ra một cộng đồng sinh viên quốc tế đa dạng.</p><p class=\"Normal\">\r\n<strong>Sydney cũng là điểm đến hấp dẫn</strong></p><p class=\"Normal\">\r\nSau Melbourne, Sydney cũng là nơi tuyệt vời để học tập tại Australia với số lượng lớn trường đại học, cao đẳng có chất lượng giảng dạy tốt. Tại Sydney, bạn cũng có nhiều cơ hội việc làm hơn nhờ tốc độ phát triển công nghiệp, thương mại, du lịch của thành phố.</p><p class=\"Normal\">\r\nCác trường nổi tiếng tại thành phố là Đại học New South Wales, Đại học Macquarie, Đại học Công nghệ Sydney, Đại học Sydney...</p><p class=\"Normal\">\r\n<strong>Tiếng Anh không phải là ngôn ngữ duy nhất</strong></p><p class=\"Normal\">\r\nMặc dù phổ biến, tiếng Anh không phải là ngôn ngữ duy nhất tại Australia vì nước này có hơn 25% dân số không phải người bản địa. Trên thực tế, hơn 200 ngôn ngữ và phương ngữ được sử dụng tại các vùng của Australia. </p><p class=\"Normal\">\r\nCác ngôn ngữ phổ biến khác bao gồm tiếng Quan Thoại (2,5%), tiếng Ả Rập (1,4%), tiếng Quảng Đông (1,2%), tiếng Việt (1,2%) và tiếng Italy (1,2%).</p><p class=\"Normal\">\r\n<strong>Nhiều tiếng lóng</strong></p><p class=\"Normal\">\r\nNgười dân Australia có thói quen rút ngắn từ ngữ thông qua cách viết và phát âm. Bạn đã bao giờ nghe thấy từ \"Assie\"? Đây là từ lóng để chỉ người Australia (tức \"Astralian\").</p><p class=\"Normal\">\r\nMột số cụm từ phổ biến được rút ngắn mà du học sinh nên làm quen khi quyết định đến Australia du học: \"Mell-bun\" thay vì \"Mel-Bourne\", \"mozzies\" (mosquitoes - muỗi), \"barbie\" (barbeque), \"arvo\" (afternoon - buổi chiều), \"preso\" (resentation - thuyết trình)...</p><p class=\"Normal\">\r\n<strong>Chú ý đến các quy tắc lái xe</strong></p><p class=\"Normal\">\r\nKhi đã sẵn sàng theo đuổi nền giáo dục Australia, bạn cũng nên biết các quy tắc lái xe tại đây. Người Australia lái xe bên trái đường và hơn 60% xe là loại số tự động.</p><p class=\"Normal\">\r\nTrường hợp lái xe đường dài, bạn cần chuẩn bị nhiên liệu đầy đủ vì không có nhiều trạm xăng và nhà dân ở vùng ngoại ô thành phố. Bạn cần hạn chế lái xe với tốc độ cao vào buổi sáng sớm và hoàng hôn vì kangaroo qua đường rất nhiều.</p>', 55, 5),
(49, '<h1>\r\nGần 500 giáo viên Hà Nội tiếp cận phương pháp sư phạm mới </h1>', 'https://i.imgur.com/NFFIrvz.png', 5, '2018-10-18 17:23:00', '<p>Đào tạo kiến thức, kỹ năng cho cán bộ quản lý, giáo viên Hà Nội giúp nâng cao năng lực chuyên môn và phương pháp dạy theo 3 định hướng toàn cầu, địa phương và cá biệt hóa.</p><p>\r\nChương trình do Sở Giáo dục và Đào tạo Hà Nội phối hợp với trường Đại học Anh quốc Việt Nam (British University Vietnam-BUV) bắt đầu từ 20/9.</p><p>\r\nTại chương trình, Nhà giáo ưu tú, Tiến sĩ Phạm Văn Đại, Phó Giám đốc Sở Giáo dục & Đào tạo Hà Nội chia sẻ: \"Tôi rất mong các cán bộ quản lý tham gia khóa đào tạo sẽ tiếp thu kiến thức về quản lý giáo dục cũng như về giáo dục của các nước tiên tiến. Theo cam kết của phòng tổ chức và đối tác, các giáo viên, giảng viên giảng dạy trong khóa đào tạo này là những người có trình độ, chuyên môn cao nên tôi tin rằng tiết học sẽ rất thú vị\".</p><p>\r\nĐối với đội ngũ cán bộ quản lý, nội dung chương trình được thiết kế để giúp nâng cao năng lực quản lý nhằm đáp ứng yêu cầu đổi mới căn bản, toàn diện giáo dục và đào tạo trong xu thế hội nhập quốc tế.</p><p>\r\nNội dung chương trình học bao gồm nhiều chủ đề như Lý thuyết về quản trị thay đổi trong giáo dục; Chiến lược cải tiến, đổi mới và tăng cường sáng tạo dành cho Khối lãnh đạo; Huy động hay gắn kết? Xây dựng một môi trường giáo dục gắn kết cộng đồng; Giảng dạy tích cực, học tập trải nghiệm lấy học sinh làm trung tâm, Quản lý đánh giá học sinh THPT theo hệ thống CBE (giáo dục dựa trên năng lực)...</p><p>\r\nNhiều chủ đề thực tiễn được giảng dạy trong chương trình như Phương pháp giảng dạy phân tầng kiến thức (Scaffolding); Giáo án hiện đại theo định hướng Bloom cho các môn học; Phương pháp đánh giá năng lực học sinh cấp THPT; Phương pháp giảng dạy phân loại học sinh theo trình độ...</p><p>\r\nCả hai chương trình đào tạo đều kết hợp giữa việc giảng dạy trên lớp và khảo sát thực tế tại các trường trên địa bàn Hà Nội dưới sự hướng dẫn của giảng viên quốc tế có kinh nghiệm lâu năm trong lĩnh vực giáo dục, đào tạo. Cơ sở vật chất hiện đại và tích hợp công nghệ giảng dạy tiên tiến của BUV sẽ hỗ trợ học viên và góp phần nâng cao chất lượng đào tạo.</p><p>\r\nGiáo sư, Tiến sĩ Raymond Gordon, Hiệu trưởng trường Đại học Anh quốc Việt Nam chia sẻ tại sự kiện: \"Thông qua Trung tâm đào tạo quốc tế nâng cao nghiệp vụ Sư phạm và Kỹ năng học tập, BUV đã có cơ hội chia sẻ kiến thức và kinh nghiệm trong việc phát triển nền giáo dục quốc tế cập nhật, mang đến thông tin hữu ích về kỹ năng lãnh đạo và quản lý trong môi trường giáo dục\".</p>', 50, 5),
(50, '<h1>\r\nTập đoàn Bách Việt ra mắt hệ thống giáo dục Vietschool </h1>', 'https://i.imgur.com/ZrI2e1Q.png', 2, '2018-10-19 17:23:00', '<p>Vietschool gồm hệ thống trường từ tiểu học đến THPT, phát triển theo hướng kết hợp giữa đào tạo tri thức, kỹ năng công dân toàn cầu với gìn giữ bản sắc văn hóa Việt.</p><p class=\"Normal\">\r\nCuộc cách mạng công nghiệp lần thứ 4 được dự báo sẽ tạo ra thay đổi lớn trong đời sống, kinh tế xã hội với sự tham gia của robot, trí tuệ nhân tạo (AI), kết nối vạn vật (IoT). Chỉ 10 – 15 năm tới, xã hội sẽ đòi hỏi những năng lực hoàn toàn mới đối với lực lượng lao động. Trong bối cảnh đó, hệ thống giáo dục Việt Nam đứng trước những thách thức và cơ hội trong việc đào tạo nguồn nhân lực để đáp ứng yêu cầu của thời đại. </p>\r\n<p>\r\n\"Tuy nhiên, vì nhiều nguyên nhân, hệ thống giáo dục và một số chương trình của các cơ sở đào tạo tại Việt Nam vẫn còn khoảng cách khá xa với các quốc gia tiên tiến\", đại diện Tập đoàn Bách Việt chia sẻ.</p><p>\r\nTrước thực trạng đó và để ủng hộ chủ trương của Chính phủ về về kêu gọi xã hội hóa giáo dục, góp phần giải quyết những yêu cầu của xã hội, Tập đoàn Bách Việt (BV group) đã thông qua đơn vị thành viên là BV Education phát triển hệ thống giáo dục liên cấp Vietschool.</p><p>\r\nMục tiêu của BV group là đào tạo ra những thế hệ công dân được trang bị đủ tri thức, kỹ năng và tự tin khi hội nhập quốc tế, đồng thời biết tự hào về nguồn cội văn hóa Việt. Do đó, tập đoàn đầu tư mạnh vào giáo dục để góp phần đổi mới, phát triển, nâng cao chất lượng giáo dục.</p>', 15, 5),
(51, '<h1>\r\nSharpe: \'Có Ronaldo, Man Utd cũng khó vô địch\'	</h1>', 'https://i.imgur.com/i45O1DG.jpg', 5, '2018-10-20 17:23:00', '<p>\r\nCựu tiền vệ Ian Sharpe cho rằng, nếu trở lại Cristiano Ronaldo cũng khó đưa Man Utd hiện nay lên ngôi.</p><p>\r\n\"Tôi nghĩ Man Utd vẫn sẽ tụt lại phía sau, dù không quá xa, ngay cả khi có một cầu thủ ghi 25 hoặc 30 bàn mỗi mùa như Cristiano Ronaldo\", Sharpe, tiền đạo từng tỏa sáng trong màu áo Man Utd đầu thập niên 1990, bình luận. </p><p class=\"Normal\">\r\nMan Utd hiện xếp thứ 10 tại Ngoại hạng Anh, với chín điểm sau bảy trận. Họ kém 12 điểm so với đội dẫn đầu, kình địch Liverpool và bảy điểm so với đội xếp thứ hai Man City.</p><p class=\"Normal\">\r\nKhông tin vào việc một cầu thủ như Ronaldo có thể đưa Man Utd trở lại đỉnh cao, nhưng Sharpe cũng không đồng tình với cách tái thiết đội bóng dựa trên phần lớn cầu thủ trẻ như HLV Ole Gunnar Solskjaer đang làm. Theo ông, \"Quỷ Đỏ\" cần một vài cầu thủ tầm cỡ để dẫn dắt tập thể.</p><p class=\"Normal\">\r\n\"Nếu có một cầu thủ như Ronaldo, Lionel Messi, hay thậm chí Harry Kane, bạn sẽ không bị bỏ lại quá xa. Thật đáng buồn khi Man Utd không thể đưa Ronaldo trở lại, phải nhìn cậu ấy đến Juventus năm ngoái\", Sharpe nuối tiếc.</p><p class=\"Normal\">\r\nTrong đội hình hiện nay của Man Utd, Paul Pogba là cầu thủ duy nhất có đẳng cấp thế giới. Tuy nhiên, do xung quanh không có nhiều đồng đội thực sự giỏi, tiền vệ người Pháp không duy trì được thành công.</p><p class=\"Normal\">\r\nSharpe bình luận: \"Chúng ta đã thấy một chút tiềm năng của Pogba, nhưng có lẽ do Man Utd hiện nay không mạnh bằng thời có Rooney và Ronaldo, cậu ấy chưa thể phát huy. Tôi nghĩ Man Utd cần một, hoặc hai cầu thủ như vậy. Liệu họ có mua được Gareth Bale? Có bao nhiêu cầu thủ thực sự chơi ở đẳng cấp đó tuần này qua tuần khác? Con số là rất hạn chế, và khi không được thi đấu ở Champions League, Man Utd rất khó mua\".</p>', 45, 6),
(52, '<h1>\r\nKỳ thủ Azerbaijan vô địch Cup Thế giới	</h1>', 'https://i.imgur.com/QkfIghJ.jpg', 7, '2018-10-21 17:23:00', '<p>\r\n<span>Nga</span>Kỳ thủ Teimour Radjabov hạ Đinh Lập Nhân ở tie-break cờ nhanh chớp, chung kết Cup Cờ vua thế giới tại Khanty Mansi hôm 4/10.	</p>\r\n<p class=\"Normal\">\r\nRadjabov và hạt giống số một Đinh hòa 2-2 sau bốn ván cờ tiêu chuẩn từ 30/9 đến 3/10. Trong đó mỗi kỳ thủ thắng một ván cầm quân trắng, hòa hai và thua một ván cầm quân đen. Cả hai phải bước vào loạt tie-break, tiếp tục hòa cả bốn ván cờ nhanh. Trận đấu phải bước vào hai ván cờ chớp để phân thắng bại. Radjabov, 32 tuổi, thắng cả hai ván này và lần đầu vô địch Cup Thế giới.</p><p class=\"Normal\">\r\n\"Tôi rất mệt mỏi khi tiến sâu tại giải. Có thời điểm tôi chỉ muốn tấn công và thí quân liên tục, mặc kệ kết quả. Nếu thắng thì tốt, còn thua cũng chẳng sao cả\", Radjabov nói.</p><p class=\"Normal\">\r\nMàn trình diễn của Radjabov được Vua cờ Magnus Carlsen khen ngợi. \"Radjabov vô địch xứng đáng. Anh ấy tỏ ra bình tĩnh đáng kinh ngạc ở loạt tie-break. Có vẻ anh ấy không có chút áp lực nào cả\", anh nói.</p><p class=\"Normal\">\r\nRadjabov từng được coi là thần đồng cờ vua khi đánh bại Garry Kasparov năm 15 tuổi. Kỳ thủ Azerbaijan cũng đạt Elo đỉnh cao 2.793 giai đoạn 2012-2013, đứng thứ tư thế giới khi đó. Radjabov được làng cờ gọi là kỳ thủ \"bán giải nghệ\", do anh hiếm khi xuất hiện ở những giải cờ hàng đầu kể từ sau thất bại ở giải Thách Đấu (Candidates Tournament) năm 2013.</p><p class=\"Normal\">\r\nChức vô địch Cup Thế giới giúp Radjabov giành 110.000 USD. Anh vươn lên số chín thế giới theo bảng điểm tức thời. Á quân Đinh nhận 80.000 USD. Cả hai cùng giành suất dự giải Thách Đấu 2020, dù Radjabov vẫn bỏ ngỏ khả năng tham dự. Ở trận tranh giải ba, Maxime Vachier-Lagrave hạ Dư Ương Y để nhận phần thưởng 60.000 USD.</p>', 55, 6),
(53, '<h1>Verstappen: \'22 chặng đua F1 trong một năm là quá nhiều\'</h1>', 'https://i.imgur.com/GHP6hAg.jpg', 5, '2018-10-22 17:23:00', '<p>Tay đua Red Bull Max Verstappen chỉ trích quyết định tăng số chặng đua của ban tổ chức F1 trong năm 2020.</p>\r\n<p>\"Tôi không đồng ý với việc tổ chức 22 chặng đua trong một năm. Tôi nghĩ chúng ta nên chọn những chặng tốt nhất. Tôi hiểu họ muốn kiếm tiền nhưng họ cần phải nghĩ cho đội ngũ kỹ sư, những người phải có mặt ở đường đua\", Verstappen nói hôm 4/10.</p>\r\n<p>Năm 2020 đánh dấu F1 chạm mốc số chặng đua nhiều nhất trong một mùa giải. Với việc thêm vào chặng Việt Nam Grand Prix và Hà Lan Grand Prix, đồng thời bỏ chặng Đức Grand Prix, F1 2020 sẽ có 22 chặng đua, tăng một chặng so với năm 2019.</p>\r\n<p>\"Các kỹ sư, họ phải đến trường đua từ thứ Hai hoặc thứ Ba để thiết lập mọi thứ. Trong khi các sếp chỉ đến vào thứ Bảy, thậm chí sáng thứ Bảy và bay về khi chặng đua còn đang diễn ra. Với các ông chủ, họ chẳng gặp vấn đề gì cả và có thể tăng số chặng lên 30, vì họ chỉ phải đến tham dự sự kiện ba ngày\", Verstappen nói.</p>\r\n<p>\"Với hầu hết những người khác, con số đó ít nhất là 5 hoặc 6 ngày. Tôi không kêu ca cho những tay đua như mình. Vấn đề nằm ở các kỹ sư. Họ có thể nộp đơn thôi việc ngay lập tức nếu có thêm chặng đua\", tay đua người Hà Lan nói tiếp.</p>\r\n<p>Tay đua đội Racing Point Sergio Perez cũng chia sẻ quan điểm này với Verstappen. Anh nói: \"Có quá nhiều việc. Tôi không chỉ nói về các tay đua. Chúng tôi yêu đua xe, dù có rất nhiều thứ phải cam kết. Chúng tôi không chỉ phải tham dự các chặng đua. Chúng tôi phải đua giả lập, tham dự các sự kiện quảng bá, đồng thời phải duy trì thể lực và nhiều việc khác. Chừng đó là quá nhiều, vượt qua giới hạn cơ thể chúng tôi\".\r\n</p>\r\n<p>\"Nhưng sự vất vả còn dành cho các kỹ sư. Họ phải ở đây từ thứ Hai và rời đi vào khoảng thứ Ba tuần tiếp theo. Nên tôi nghĩ thành viên của các đội đua đang phải lao động cực nhọc\", anh nói tiếp.</p>\r\n<p>Perez cho rằng một lịch thi đấu dày đặc hơn sẽ khiến anh, một người đàn ông đã có gia đình và có con, gặp nhiều khó khăn. \"Tôi sẽ xem gia đình tôi có chia tay tôi không. Chúng tôi bắt đầu khi mùa giải có 19 chặng đua. Chừng đó đã là nhiều. Như tôi nói, tôi nghĩ về khối lượng công việc mà các tay đua phải gánh. Nhưng ở một số chặng đua tại châu Âu, chúng tôi có thể đến vào sáng thứ Năm. Tôi lo lắng nhiều hơn cho các kỹ sư. Tôi nghĩ họ mới là những người phải lo\", anh nói.</p>', 65, 6),
(54, '<h1>\r\nNeuer và Ter Stegen bắt luân phiên ở tuyển Đức	</h1>', 'https://i.imgur.com/jiFmnDp.jpg', 27, '2019-10-01 14:23:00', '<p class=\"description\">\r\nHLV tuyển Đức Joachim Low sẽ để các thủ môn Manuel Neuer và Mac-Andre Ter Stegen luân phiên bắt mỗi người một trận trong đợt tập trung vào tháng 10.	</p>\r\n\r\n<p class=\"Normal\">\r\n\"Tôi đã thảo luận với HLV thủ môn Andreas Kopke và quyết định rằng Marc-Andre Ter Stegen sẽ bắt chính trận giao hữu với Argentina ở Dortmund, còn Manuel Neuer sẽ bắt trận làm khách của Estonia ở vòng loại Euro 2020. Chúng tôi đã thông báo điều này với cả hai thủ môn\", <em>Sports Mail </em>dẫn lời Joachim Low. \"Tôi đã nói nhiều lần rằng Neuer sẽ là đội trưởng tuyển Đức và tiếp tục là ưu tiên số một trong chiến dịch Euro 2020, nếu không có gì bất thường xảy ra\".</p>\r\n<p class=\"Normal\">\r\nHồi cuối tháng 9/2019, Chủ tịch Bayern Munich, Uli Hoeness tuyên bố sẽ tẩy chay nếu Neuer được gọi lên tuyển Đức chỉ để dự bị cho Ter Stegen. Bayern là đội bóng giàu truyền thống và có nhiều tuyển thủ quốc gia nhất tại Đức. Tuy nhiên, Giám đốc kỹ thuật Liên đoàn bóng đá Đức Oliver Bierhoff đáp trả: \"Tôi không lo ngại bởi theo luật FIFA, các CLB phải nhả cầu thủ về cho đội tuyển\".</p><p class=\"Normal\">\r\nTrước đó, Ter Stegen phải dự bị ở hai trận gặp Hà Lan và Bắc Ireland ở vòng loại Euro 2020. Điều này khiến anh bất bìnhvà công khai nói trên báo giới rằng \"đã làm tất cả để được Joachim Low sử dụng\". Sau đó, Neuer đăng đàn trách Ter Stegen vì phát ngôn liên quan tới vấn đề nội bộ của đội tuyển.</p><p class=\"Normal\">\r\nVị trí thủ môn số một tuyển Đức hiện vẫn thuộc về Neuer, người đã bước sang tuổi 33 và không còn ở đỉnh cao. Anh từng mắc lỗi trong trận thua Liverpool 1-3 ở vòng 1/8 Champions League mùa 2018-2019.</p>', 24, 6),
(55, '<h1>\r\nNadal rút khỏi Thượng Hải Masters	</h1>', 'https://i.imgur.com/MdqocrR.png', 10, '2019-10-02 07:23:00', '\r\n<p class=\"description\">\r\nTay vợt số hai thế giới Rafael Nadal xác nhận không dự giải ATP 1000 tuần tới vì chấn thương tay trái.	</p><p class=\"Normal\">\r\nChấn thương tay trái từng khiến Nadal không thể đấu trận đơn thứ hai của anh tại Laver Cup tháng trước. Không dự Thượng Hải Masters, Nadal tạo cơ hội cho kình địch Novak Djokovic thu hẹp cách biệt trên bảng điểm ATP Race to London.</p><p class=\"Normal\">\r\nTrên bảng điểm thành tích các tay vợt trong năm 2019, Djokovic kém Nadal 1960 điểm. Nếu tay vợt Serbia vô địch cả Japan Open tuần này và Thượng Hải Masters tuần tới, anh sẽ thu về 1500 điểm. Còn trên bảng điểm ATP, Djokovic vẫn đứng số một và hơn Nadal khoảng 600 điểm.</p><p class=\"Normal\">\r\nNadal đang giữ kỷ lục tay vợt đoạt nhiều Masters 1000 nhất, với 35 danh hiệu. Nhưng tay vợt Tây Ban Nha chưa từng đăng quang tại ba giải Masters là Thượng Hải, Miami và Paris. Thành tích tốt nhất của Nadal tại Thượng Hải là á quân năm 2009 và 2017.</p><p class=\"Normal\">\r\nNadal đang sở hữu mạch 11 chiến thắng liên tiếp. Chủ nhân 19 Grand Slam cũng thắng 28 trong 29 trận gần nhất. Vắng mặt tại Thượng Hải, tay vợt 33 tuổi sẽ có thời gian chuẩn bị cho Paris Masters - giải ATP 1000 cuối cùng trong năm. </p><p class=\"Normal\">\r\nThượng Hải Masters 2019 diễn ra từ ngày 6-13/10 với tổng tiền thưởng xấp xỉ 7,5 triệu đô la Mỹ. Djokovic đang là đương kim vô địch giải.</p>', 47, 6),
(56, '<h1>Real lên kế hoạch mua sắm giữa mùa\r\n</h1>', 'https://i.imgur.com/u7hZrxB.jpg', 4, '2019-10-03 17:23:00', '<p class=\"description\">\r\nĐể tiếp tục quá trình tái thiết, HLV Zidane muốn mua Christian Eriksen hoặc Donny Van de Beek.	</p><p class=\"Normal\">\r\nTờ <em>Marca</em> cho biết, do Real vẫn như một \"công trường xây dựng dở dang\", Chủ tịch Perez và HLV Zidane đang lên kế hoạch mua sắm trong kỳ chuyển nhượng tháng 1/2020. Mục tiêu số một của họ là Christian Eriksen, tiền vệ giàu kinh nghiệm của Tottenham.</p><p class=\"Normal\">\r\nLà mẫu cầu thủ có lối chơi kỹ thuật, Eriksen có thể hòa nhập nhanh với Real. Ngoài ra, do hợp đồng sắp hết, Tottenham buộc phải bán nếu không muốn mất trắng trong kỳ chuyển nhượng hè.</p><p class=\"Normal\">\r\nReal từng đưa Eriksen vào danh sách mục tiêu từ hè 2019. Họ chỉ bỏ qua tiền vệ người Đan Mạch do mải theo đuổi Paul Pogba.</p><p class=\"Normal\">\r\nBên cạnh Eriksen, Real còn muốn có Donny Van de Beek từ Ajax. Do nhiều đội bóng lớn cũng đang để mắt, nhà cựu vô địch Champions League muốn sớm hoàn tất việc chuyển nhượng.</p><p class=\"Normal\">\r\nLà một trong những tiền vệ trẻ hay nhất châu Âu hiện nay, Van de Beek có thể sẽ tiếp bước Toni Kroos và Luka Modric trong tương lai. Ngoài ra, anh có thêm sở trường ghi bàn khi đang sở hữu 33 pha lập công trong 142 trận cho Ajax.</p><p class=\"Normal\">\r\nTrong khi nhắm Eriksen và Van de Beek, Real có thể bán Mariano Diaz và Brahim Diaz trong tháng 1/2020. Đội hình hiện nay có quá nhiều tiền đạo và hai cầu thủ này gần như không có cơ hội thi đấu.</p>', 80, 6),
(57, '<h1 class=\"title_news_detail mb10\">Trận Indonesia - Việt Nam chuyển về Bali</h1>', 'https://i.imgur.com/eKlJ28G.jpg', 7, '2019-10-04 19:23:32', '<h2>Chủ nhà Indonesia đổi địa điểm tổ chức trận gặp Việt Nam ở vòng loại World Cup 2022 từ Jakarta về Bali.</h2><p class=\"Normal\">\r\nChiều 4/10, Liên đoàn bóng đá châu Á (AFC) gửi thư cho VFF, chốt việc thay đổi địa điểm thi đấu. Theo đó, trận đấu sẽ diễn ra vào lúc 19h30 ngày 15/10, trên sân vận động Kapten I Wayan Dipta. Đây là sân nhà của CLB Bali United, với sức chứa 22.930 người.</p><p class=\"Normal\">\r\nTheo kế hoạch ban đầu, trận đấu giữa Indonesia và Việt Nam diễn ra trên sân Golora Bung Karno tại Jakarta. Tuy nhiên, Liên đoàn bóng đá Indonesia (PSSI) sau đó đề xuất đổi về Bali. Nguyên nhân là an ninh tại Jakarta đang phức tạp do biểu tình của sinh viên. Thêm vào đó, trận đấu diễn ra chỉ năm ngày trước lễ nhậm chức Tổng thống nhiệm kỳ 2019-2024 của ông Joko Widodo.</p><p class=\"Normal\">\r\nSau khi nhận được đề xuất của PSSI, AFC đã cử chuyên gia tới khảo sát thực địa Bali. Xác định nơi mới đủ điều kiện tổ chức trận đấu, tổ chức này đồng thuận và gửi mail thông báo cho VFF.</p><p class=\"Normal\">\r\nViệc Indonesia thay đổi địa điểm thi đấu khiến VFF bể kế hoạch. Họ sẽ phải huỷ và đặt lại toàn bộ vé máy bay cũng như khách sạn cho thầy trò HLV Park Hang-seo.</p><p class=\"Normal\">\r\nTuyển Việt Nam đang đóng quân tập luyện tại Trung tâm đào tạo trẻ VFF. Đội sẽ đá với Malaysia ngày 10/10 và hôm sau lập tức di chuyển sang Indonesia.</p>', 120, 6),
(58, '<h1>Xuân Trường đi Hàn Quốc phẫu thuật</h1>', 'https://i.imgur.com/oIEzBeT.jpg', 18, '2019-10-05 10:00:00', '<h2>Theo đề xuất của bác sĩ Choi Ju-young, tiền vệ Lương Xuân Trường sẽ sang Hàn Quốc để điều trị chấn thương đứt dây chằng chéo trước.</h2>\r\n<p class=\"Normal\">\r\n\"VFF mong muốn Xuân Trường có được sự điều trị tốt nhất. Vì vậy, cậu ấy được bố trí để đi Hàn Quốc phẫu thuật\", Tổng thư ký Liên đoàn bóng đá Việt Nam (VFF) Lê Hoài Anh lý giải với <em>VnExpress</em> sáng 4/10.</p><p class=\"Normal\">\r\nXuân Trường không va chạm với ai, tự chấn thương trong buổi tập của tuyển Việt Nam ngày 30/9, chuẩn bị cho vòng loại thứ hai World Cup 2022 - khu vực châu Á. Kết quả chụp MRI xác định tiền vệ người Tuyên Quang bị đứt dây chằng chéo trước, và nhiều khả năng phải mất sáu tháng mới có thể trở lại sân cỏ.</p><p class=\"Normal\">\r\n\"Bệnh viện và bác sĩ tiến hành phẫu thuật do bác sĩ Choi Ju-young đề xuất. Ngay khi phía Hàn Quốc hoàn tất thủ tục nhận hồ sơ, chúng tôi sẽ cho Xuân Trường đi phẫu thuật\", ông Lê Hoài Anh nói thêm.</p><p class=\"Normal\">\r\nĐứt dây chằng chéo là chấn thương nghiêm trọng, đe doạ sự nghiệp cầu thủ. Vì vậy, khi nhận kết quả chụp MRI, Xuân Trường bị tâm lý. Tuy nhiên, sau khi được bác sĩ Choi Ju-young và HLV Park Hang-seo động viên, tiền vệ của HAGL đã lấy lại tinh thần. Anh đang về Tuyên Quang thăm gia đình trước khi sang Hàn Quốc phẫu thuật.</p><p class=\"Normal\">\r\nDo cận ngày thi đấu, HLV Park Hang-seo không triệu tập người thay thế Xuân Trường.</p><p class=\"Normal\">\r\nTuyển Việt Nam hiện còn 32 thành viên. HLV Park Hang-seo sẽ loại chín người, chốt danh sách vào ngày 9/10. Đội sẽ tiếp đón Malaysia vào ngày 10/10 rồi làm khách của Indonesia năm ngày sau đó.</p>', 56, 6),
(59, '<h1>\r\nDeschamps đá xoáy Lampard	</h1>', 'https://i.imgur.com/w5jgiNV.jpg', 20, '2019-10-06 04:25:00', '\r\n<p>\r\nHLV đội tuyển Pháp Didier Deschamps phản bác đề nghị của Chelsea về việc không triệu tập N\'Golo Kante.</p>\r\n<p class=\"Normal\">\r\n\"Frank Lampard từng đề nghị tôi không gọi N\'Golo Kante lên đội tuyển ở đợt tập trung hồi tháng 9. Nếu đó là cách tôi làm việc, tốt hơn là ông ấy nên sử dụng Olivier Giroud nhiều hơn\", Deschamps nói hôm qua 3/10.</p><p class=\"Normal\">\r\nKante chấn thương mắt cá hồi giữa tháng 8/2019 và phải ngồi ngoài một tháng. Lo lắng cho học trò, Lampard nói với truyền thông rằng không muốn tiền vệ 28 tuổi lên tuyển Pháp để anh có thời gian nghỉ ngơi. Deschamps chiều theo ý của đồng nghiệp, không gọi Kante, nhưng điều tương tự khó xảy ra ở hai trận vòng loại Euro 2020 vào tháng 10.</p>\r\n<p class=\"Normal\">\r\nNgoài Kante, biên chế Chelsea còn có Giroud - tiền đạo rất được lòng Deschamps, người từng đưa Pháp đến chức vô địch World Cup 2018. Trong chiến dịch vòng loại Euro 2020, cựu cầu thủ Arsenal vẫn được ông thầy 50 tuổi ưu ái suất đá chính trên hàng công ba người. Dù vậy, trong màu áo Chelsea, Giroud chỉ có 100 phút thi đấu ở Ngoại hạng Anh từ đầu mùa, khi phải nhường suất đá chính cho đàn em Tammy Abraham.</p><p class=\"Normal\">\r\n\"Với những gì Giroud đã cống hiến cho đội tuyển, tôi không muốn gạt cậu ấy. Giroud đã có những màn trình diễn tuyệt vời. Chưa kể cậu ấy còn là chân sút tốt thứ ba lịch sử đội tuyển. Hy vọng tình trạng của cậu ấy ở Chelsea sẽ cải thiện\", Deschamps nói tiếp. \"Vấn đề với Giroud lúc này là thiếu cảm giác bóng. Việc thi đấu quá ít khiến thể chất của Giroud khó đảm bảo, chưa kể cậu ấy có thể làm lỡ nhịp tấn công\".</p><p class=\"Normal\">\r\nPháp đứng nhì bảng H, bằng điểm Thổ Nhĩ Kỳ nhưng xếp dưới do thua chỉ số đối đầu. Hai trận vòng loại Euro 2020 có ý nghĩa quyết định với thầy trò Deschamps. Họ làm khách của Iceland, đội xếp ngay sau với ba điểm ít hơn, ba ngày trước khi tiếp Thổ Nhĩ Kỳ trên sân nhà ngày 14/10.</p><p class=\"Normal\">\r\nPháp đang chờ sự trở lại của Kylian Mbappe<, người vắng mặt cùng Kante hồi tháng 9 vì chấn thương. Tiền đạo PSG là nhân tố giàu đột biến nhất trên hàng công \"Gà trống Gaulois\". Deschamps chia sẻ: \"Mọi chuyện tồi tệ đã ở lại sau lưng cậu ấy. Tôi sẽ thận trọng với chấn thương của Mbappe, dù hai trận tới rất quan trọng\".</p>', 45, 6),
(60, '<h1>\r\nDi Maria: \'Cả đội tuyển khóc sau bài diễn thuyết của Messi\'	</h1>', 'https://i.imgur.com/FyvrNL0.jpg', 25, '2019-10-07 04:25:00', '\r\n<p>\r\nAngel Di Maria kể lại màn diễn thuyết đầy xúc động của Lionel Messi, sau khi Argentina thua Brazil ở bán kết Copa America 2019.	</p>\r\n<p class=\"Normal\">\r\n\"Messi đã có những lời chia sẻ tuyệt vời sau khi chúng tôi thua Brazil. Messi nói anh ấy tự hào với đội bóng mà chúng tôi đã xây dựng nên\", Di Maria tiết lộ với <em>ESPN</em>. \"Chúng tôi không ở bên nhau nhiều vì một số người trong đội không được triệu tập ở những lần trước đó. Dù vậy, có cảm giác như toàn đội đã chơi cùng nhau từ lâu rồi. Messi cho rằng chúng tôi đã đưa mọi thứ đi đúng hướng kể từ ngày đầu tiên, và anh tự hào khi thấy những cầu thủ trẻ thể hiện trách nhiệm với màu cờ sắc áo của đội tuyển. Messi nói là một khi có mặt ở đó và cống hiến hết khả năng tại Copa America, các cầu thủ trẻ đã chứng minh là họ xứng đáng nhiều hơn chừng ấy\".</p>\r\n<p class=\"Normal\">\r\n<span>Messi và Argentina đã chịu sức ép lớn tại Copa America 2019 sau khi </span>thua Colombia ở trận ra quân<span> và hòa Paraguay ở trận tiếp theo. Họ chỉ đi tiếp nhờ thắng Qatar 2-0 ở lượt trận cuối vòng bảng. Messi và đồng đội thắng Venezuela 2-0 ở tứ kết, nhưng sau đó </span>thất bại dưới tay Brazil<span>. </span><span>Dù đánh bại Chile ở trận tranh HC đồng sau đó, </span><span>Di Maria và Messi một lần nữa lỗi hẹn với danh hiệu trong màu áo đội tuyển quốc gia. Lần gần nhất tuyển Argentina giành một chiếc Cup là từ Copa America 1993.</span></p><p class=\"Normal\">\r\n\"Khi Messi kết thúc bài diễn thuyết, mọi người đều bật khóc vì những lời nói đó chạm đến trái tim của bất kỳ ai, kể cả những cầu thủ trẻ\", Di Maria nói thêm. <span>\"Các cầu thủ trẻ cần noi theo tấm gương của Messi. Điều đó sẽ không dễ cho họ. Họ cần phải tiếp tục tập luyện và cống hiến hết khả năng. Sớm hay muộn, may mắn cũng đứng về phía bạn\".</span></p><p class=\"Normal\">\r\nMessi thường bị chỉ trích vì không đạt phong độ cao tại tuyển Argentina như anh thể hiện tại Barca. Có người cho rằng Messi không hào hứng khi khoác áo đội tuyển vì anh thường im lặng và không hát quốc ca. Tuy nhiên, Di Maria cho rằng những chỉ trích này không công bằng. <span>Anh nói: \"Có nhiều chỉ trích về việc Messi không hát quốc ca và không giao tiếp. Copa America năm nay thì khác, anh ấy đã chứng tỏ mình như một thủ lĩnh. Tôi vui hơn khi chứng kiến anh ấy phát biểu trước đội, trả lời báo chí. Điều quan trọng là Messi có tính cách như thế, tôi thích con người của anh ấy\".</span></p>', 77, 6);

-- --------------------------------------------------------

--
-- Cấu trúc bảng cho bảng `users`
--

CREATE TABLE `users` (
  `user_id` int(11) NOT NULL,
  `user_name` varchar(50) COLLATE utf8mb4_unicode_ci NOT NULL,
  `user_password` varchar(30) COLLATE utf8mb4_unicode_ci NOT NULL,
  `user_email` varchar(50) COLLATE utf8mb4_unicode_ci NOT NULL,
  `user_role` varchar(30) COLLATE utf8mb4_unicode_ci NOT NULL,
  `user_avatar` varchar(255) COLLATE utf8mb4_unicode_ci NOT NULL
) ENGINE=InnoDB DEFAULT CHARSET=utf8mb4 COLLATE=utf8mb4_unicode_ci;

--
-- Đang đổ dữ liệu cho bảng `users`
--

INSERT INTO `users` (`user_id`, `user_name`, `user_password`, `user_email`, `user_role`, `user_avatar`) VALUES
(1, 'admin', '1', 'admin@gmail.com', 'admin', 'https://i.imgur.com/e6A4vLz.jpg'),
(2, 'triet', '1', 'minhtriet@gmail.com', 'admin', 'https://i.imgur.com/e6A4vLz.jpg'),
(3, 'tuan', '1', 'tuan@gmail.com', 'member', 'https://i.imgur.com/e6A4vLz.jpg'),
(4, 'phong', '1', 'phong@gmail.com', 'member', 'https://i.imgur.com/e6A4vLz.jpg');

--
-- Chỉ mục cho các bảng đã đổ
--

--
-- Chỉ mục cho bảng `authors`
--
ALTER TABLE `authors`
  ADD PRIMARY KEY (`author_id`);

--
-- Chỉ mục cho bảng `categories`
--
ALTER TABLE `categories`
  ADD PRIMARY KEY (`category_id`);

--
-- Chỉ mục cho bảng `comments`
--
ALTER TABLE `comments`
  ADD PRIMARY KEY (`comment_id`),
  ADD KEY `comment_newspaper_id` (`comment_newspaper_id`),
  ADD KEY `comments_ibfk_1` (`comment_user_id`);

--
-- Chỉ mục cho bảng `newspapers`
--
ALTER TABLE `newspapers`
  ADD PRIMARY KEY (`newspaper_id`),
  ADD KEY `newspaper_author_id` (`newspaper_author_id`),
  ADD KEY `newspaper_category_id` (`newspaper_category_id`);

--
-- Chỉ mục cho bảng `users`
--
ALTER TABLE `users`
  ADD PRIMARY KEY (`user_id`);

--
-- AUTO_INCREMENT cho các bảng đã đổ
--

--
-- AUTO_INCREMENT cho bảng `authors`
--
ALTER TABLE `authors`
  MODIFY `author_id` int(11) NOT NULL AUTO_INCREMENT, AUTO_INCREMENT=31;

--
-- AUTO_INCREMENT cho bảng `categories`
--
ALTER TABLE `categories`
  MODIFY `category_id` int(11) NOT NULL AUTO_INCREMENT, AUTO_INCREMENT=7;

--
-- AUTO_INCREMENT cho bảng `comments`
--
ALTER TABLE `comments`
  MODIFY `comment_id` int(11) NOT NULL AUTO_INCREMENT, AUTO_INCREMENT=14;

--
-- AUTO_INCREMENT cho bảng `newspapers`
--
ALTER TABLE `newspapers`
  MODIFY `newspaper_id` int(10) NOT NULL AUTO_INCREMENT, AUTO_INCREMENT=61;

--
-- AUTO_INCREMENT cho bảng `users`
--
ALTER TABLE `users`
  MODIFY `user_id` int(11) NOT NULL AUTO_INCREMENT, AUTO_INCREMENT=5;

--
-- Các ràng buộc cho các bảng đã đổ
--

--
-- Các ràng buộc cho bảng `comments`
--
ALTER TABLE `comments`
  ADD CONSTRAINT `comments_ibfk_1` FOREIGN KEY (`comment_user_id`) REFERENCES `users` (`user_id`),
  ADD CONSTRAINT `comments_ibfk_2` FOREIGN KEY (`comment_newspaper_id`) REFERENCES `newspapers` (`newspaper_id`);

--
-- Các ràng buộc cho bảng `newspapers`
--
ALTER TABLE `newspapers`
  ADD CONSTRAINT `newspapers_ibfk_1` FOREIGN KEY (`newspaper_author_id`) REFERENCES `authors` (`author_id`),
  ADD CONSTRAINT `newspapers_ibfk_2` FOREIGN KEY (`newspaper_category_id`) REFERENCES `categories` (`category_id`);
COMMIT;

/*!40101 SET CHARACTER_SET_CLIENT=@OLD_CHARACTER_SET_CLIENT */;
/*!40101 SET CHARACTER_SET_RESULTS=@OLD_CHARACTER_SET_RESULTS */;
/*!40101 SET COLLATION_CONNECTION=@OLD_COLLATION_CONNECTION */;
